VariableCode,RegionCode,YearCode,AggValue
rgdpe,COL,1950,40330.34375000000000000
rgdpo,COL,1950,40504.57421875000000000
pop,COL,1950,11.61892313893300000
emp,COL,1950,3.34537410736084000
avh,COL,1950,2323.00000000000000000
hc,COL,1950,1.44564461708069000
ccon,COL,1950,34604.05468750000000000
cda,COL,1950,45625.49609375000000000
cgdpe,COL,1950,40871.26171875000000000
cgdpo,COL,1950,40697.98437500000000000
cn,COL,1950,202582.56250000000000000
rgdpna,COL,1950,42417.15234375000000000
rconna,COL,1950,38158.25390625000000000
rdana,COL,1950,43555.58203125000000000
rnna,COL,1950,139202.54687500000000000
labsh,COL,1950,0.47573736310005200
irr,COL,1950,0.22731684148311600
xr,COL,1950,1.94982409725651000
pl_da,COL,1950,0.14033433794975300
pl_gdpo,COL,1950,0.14093181490898100
i_cig,COL,1950,0.00000000000000000
i_xm,COL,1950,0.00000000000000000
i_xr,COL,1950,0.00000000000000000
i_outlier,COL,1950,0.00000000000000000
i_irr,COL,1950,0.00000000000000000
csh_c,COL,1950,0.78812402486801100
csh_i,COL,1950,0.27081051468849200
csh_g,COL,1950,0.06214054301381110
csh_x,COL,1950,0.07989619672298430
csh_m,COL,1950,-0.08724743872880940
csh_r,COL,1950,-0.11372387409210200
rgdpe,COL,1951,40467.48437500000000000
rgdpo,COL,1951,41120.39453125000000000
pop,COL,1951,11.99314381645530000
emp,COL,1951,3.40878391265869000
avh,COL,1951,2312.28010765650000000
hc,COL,1951,1.45910418033600000
ccon,COL,1951,34906.88281250000000000
cda,COL,1951,45810.39453125000000000
cgdpe,COL,1951,41250.25781250000000000
cgdpo,COL,1951,41317.53125000000000000
cn,COL,1951,210150.32812500000000000
rgdpna,COL,1951,43415.05468750000000000
rconna,COL,1951,38566.42578125000000000
rdana,COL,1951,43566.82031250000000000
rnna,COL,1951,147452.93750000000000000
labsh,COL,1951,0.47573736310005200
irr,COL,1951,0.23004655539989500
xr,COL,1951,2.40055275269221000
pl_da,COL,1951,0.12820824980735800
pl_gdpo,COL,1951,0.12799949944019300
i_cig,COL,1951,0.00000000000000000
i_xm,COL,1951,0.00000000000000000
i_xr,COL,1951,0.00000000000000000
i_outlier,COL,1951,0.00000000000000000
i_irr,COL,1951,0.00000000000000000
csh_c,COL,1951,0.77491605281829800
csh_i,COL,1951,0.26389548182487500
csh_g,COL,1951,0.06992829591035840
csh_x,COL,1951,0.09319245815277100
csh_m,COL,1951,-0.09298051148653030
csh_r,COL,1951,-0.10895174741745000
rgdpe,COL,1952,43131.30859375000000000
rgdpo,COL,1952,43874.55859375000000000
pop,COL,1952,12.37982201105260000
emp,COL,1952,3.47339558601379000
avh,COL,1952,2301.60968414289000000
hc,COL,1952,1.47268915176392000
ccon,COL,1952,37368.40625000000000000
cda,COL,1952,49126.92968750000000000
cgdpe,COL,1952,44177.12500000000000000
cgdpo,COL,1952,44301.77734375000000000
cn,COL,1952,222521.71875000000000000
rgdpna,COL,1952,46287.62890625000000000
rconna,COL,1952,41234.62500000000000000
rdana,COL,1952,46535.15234375000000000
rnna,COL,1952,156117.34375000000000000
labsh,COL,1952,0.47573736310005200
irr,COL,1952,0.22614753246307400
xr,COL,1952,2.51048636756311000
pl_da,COL,1952,0.12375191599130600
pl_gdpo,COL,1952,0.12340370565652800
i_cig,COL,1952,0.00000000000000000
i_xm,COL,1952,0.00000000000000000
i_xr,COL,1952,0.00000000000000000
i_outlier,COL,1952,0.00000000000000000
i_irr,COL,1952,0.00000000000000000
csh_c,COL,1952,0.77305787801742600
csh_i,COL,1952,0.26541882753372200
csh_g,COL,1952,0.07043885439634320
csh_x,COL,1952,0.08510049432516100
csh_m,COL,1952,-0.08490385860204700
csh_r,COL,1952,-0.10911218822002400
rgdpe,COL,1953,47296.17968750000000000
rgdpo,COL,1953,47642.88281250000000000
pop,COL,1953,12.77960774663600000
emp,COL,1953,3.53923201560974000
avh,COL,1953,2290.98850117656000000
hc,COL,1953,1.48640060424805000
ccon,COL,1953,40083.88671875000000000
cda,COL,1953,53601.69531250000000000
cgdpe,COL,1953,48409.25781250000000000
cgdpo,COL,1953,48209.01953125000000000
cn,COL,1953,236846.06250000000000000
rgdpna,COL,1953,49921.70703125000000000
rconna,COL,1953,44024.05859375000000000
rdana,COL,1953,50414.64062500000000000
rnna,COL,1953,166643.42187500000000000
labsh,COL,1953,0.47573736310005200
irr,COL,1953,0.25120097398757900
xr,COL,1953,2.51048636756311000
pl_da,COL,1953,0.12570689618587500
pl_gdpo,COL,1953,0.12622903287410700
i_cig,COL,1953,0.00000000000000000
i_xm,COL,1953,0.00000000000000000
i_xr,COL,1953,0.00000000000000000
i_outlier,COL,1953,0.00000000000000000
i_irr,COL,1953,3.00000000000000000
csh_c,COL,1953,0.75270390510559100
csh_i,COL,1953,0.28040000796318100
csh_g,COL,1953,0.07875640690326690
csh_x,COL,1953,0.09202810376882550
csh_m,COL,1953,-0.09998239576816560
csh_r,COL,1953,-0.10390601307153700
rgdpe,COL,1954,52428.77343750000000000
rgdpo,COL,1954,52188.18750000000000000
pop,COL,1954,13.19296177544850000
emp,COL,1954,3.60631632804871000
avh,COL,1954,2280.41633152834000000
hc,COL,1954,1.50023972988129000
ccon,COL,1954,43176.47265625000000000
cda,COL,1954,59634.13671875000000000
cgdpe,COL,1954,53463.15625000000000000
cgdpo,COL,1954,52677.37500000000000000
cn,COL,1954,256982.07812500000000000
ck,COL,1954,0.02063197642564770
ctfp,COL,1954,0.59033447504043600
cwtfp,COL,1954,0.66792434453964200
rgdpna,COL,1954,53759.39453125000000000
rconna,COL,1954,47525.00000000000000000
rdana,COL,1954,55749.04687500000000000
rnna,COL,1954,180466.35937500000000000
rkna,COL,1954,0.06983539462089540
rtfpna,COL,1954,0.92753911018371600
rwtfpna,COL,1954,0.92551267147064200
labsh,COL,1954,0.47573736310005200
irr,COL,1954,0.25946816802024800
xr,COL,1954,2.51048636756311000
pl_da,COL,1954,0.13557602465152700
pl_gdpo,COL,1954,0.13759839534759500
i_cig,COL,1954,0.00000000000000000
i_xm,COL,1954,0.00000000000000000
i_xr,COL,1954,0.00000000000000000
i_outlier,COL,1954,0.00000000000000000
i_irr,COL,1954,3.00000000000000000
csh_c,COL,1954,0.74550420045852700
csh_i,COL,1954,0.31242379546165500
csh_g,COL,1954,0.07413557171821590
csh_x,COL,1954,0.07506207376718520
csh_m,COL,1954,-0.09914730489254000
csh_r,COL,1954,-0.10797838121652600
rgdpe,COL,1955,53943.54687500000000000
rgdpo,COL,1955,54171.10546875000000000
pop,COL,1955,13.62036683583600000
emp,COL,1955,3.67793273925781000
avh,COL,1955,2269.89294901764000000
hc,COL,1955,1.51420760154724000
ccon,COL,1955,44888.92578125000000000
cda,COL,1955,62106.48437500000000000
cgdpe,COL,1955,54661.33203125000000000
cgdpo,COL,1955,54317.03906250000000000
cn,COL,1955,276640.37500000000000000
ck,COL,1955,0.02148330770432950
ctfp,COL,1955,0.56499767303466800
cwtfp,COL,1955,0.64551293849945100
rgdpna,COL,1955,56061.01953125000000000
rconna,COL,1955,49568.69921875000000000
rdana,COL,1955,58316.26562500000000000
rnna,COL,1955,194795.95312500000000000
rkna,COL,1955,0.07551055401563640
rtfpna,COL,1955,0.91775691509246800
rwtfpna,COL,1955,0.91859364509582500
labsh,COL,1955,0.47573736310005200
irr,COL,1955,0.23413100838661200
xr,COL,1955,2.51048636756311000
pl_da,COL,1955,0.13818012177944200
pl_gdpo,COL,1955,0.13905599713325500
i_cig,COL,1955,0.00000000000000000
i_xm,COL,1955,0.00000000000000000
i_xr,COL,1955,0.00000000000000000
i_outlier,COL,1955,0.00000000000000000
i_irr,COL,1955,0.00000000000000000
csh_c,COL,1955,0.74980038404464700
csh_i,COL,1955,0.31698265671730000
csh_g,COL,1955,0.07662398368120190
csh_x,COL,1955,0.07282126694917680
csh_m,COL,1955,-0.09970586001873020
csh_r,COL,1955,-0.11652243882417700
rgdpe,COL,1956,55100.71093750000000000
rgdpo,COL,1956,55389.95703125000000000
pop,COL,1956,14.06232000490710000
emp,COL,1956,3.75670552253723000
avh,COL,1956,2259.41812850763000000
hc,COL,1956,1.52740108966827000
ccon,COL,1956,45000.29687500000000000
cda,COL,1956,62493.72656250000000000
cgdpe,COL,1956,55694.32031250000000000
cgdpo,COL,1956,55409.07031250000000000
cn,COL,1956,296358.46875000000000000
ck,COL,1956,0.02231628634035590
ctfp,COL,1956,0.54752445220947300
cwtfp,COL,1956,0.61980026960372900
rgdpna,COL,1956,57498.89453125000000000
rconna,COL,1956,50203.61328125000000000
rdana,COL,1956,58909.12500000000000000
rnna,COL,1956,208450.87500000000000000
rkna,COL,1956,0.08074796944856640
rtfpna,COL,1956,0.89792984724044800
rwtfpna,COL,1956,0.88518196344375600
labsh,COL,1956,0.47573736310005200
irr,COL,1956,0.21268582344055200
xr,COL,1956,2.51048636756311000
pl_da,COL,1956,0.15201084315776800
pl_gdpo,COL,1956,0.15279339253902400
i_cig,COL,1956,0.00000000000000000
i_xm,COL,1956,0.00000000000000000
i_xr,COL,1956,0.00000000000000000
i_outlier,COL,1956,0.00000000000000000
i_irr,COL,1956,0.00000000000000000
csh_c,COL,1956,0.73934233188629200
csh_i,COL,1956,0.31571421027183500
csh_g,COL,1956,0.07280439138412480
csh_x,COL,1956,0.07288205623626710
csh_m,COL,1956,-0.08804821968078610
csh_r,COL,1956,-0.11269480735063600
rgdpe,COL,1957,54725.47656250000000000
rgdpo,COL,1957,55240.97265625000000000
pop,COL,1957,14.52006684318560000
emp,COL,1957,3.83716511726379000
avh,COL,1957,2248.99164590041000000
hc,COL,1957,1.54070961475372000
ccon,COL,1957,45381.29296875000000000
cda,COL,1957,61412.54687500000000000
cgdpe,COL,1957,55306.06640625000000000
cgdpo,COL,1957,55192.71484375000000000
cn,COL,1957,302227.06250000000000000
ck,COL,1957,0.02243391796946530
ctfp,COL,1957,0.52512633800506600
cwtfp,COL,1957,0.58830046653747600
rgdpna,COL,1957,57798.14453125000000000
rconna,COL,1957,50951.37109375000000000
rdana,COL,1957,58345.44140625000000000
rnna,COL,1957,219491.37500000000000000
rkna,COL,1957,0.08477841317653660
rtfpna,COL,1957,0.86934381723403900
rwtfpna,COL,1957,0.84440672397613500
labsh,COL,1957,0.47573736310005200
irr,COL,1957,0.16272839903831500
xr,COL,1957,3.79771090037680000
pl_da,COL,1957,0.12086369842290900
pl_gdpo,COL,1957,0.12111191451549500
i_cig,COL,1957,0.00000000000000000
i_xm,COL,1957,0.00000000000000000
i_xr,COL,1957,0.00000000000000000
i_outlier,COL,1957,0.00000000000000000
i_irr,COL,1957,0.00000000000000000
csh_c,COL,1957,0.75662499666214000
csh_i,COL,1957,0.29045963287353500
csh_g,COL,1957,0.06560834497213360
csh_x,COL,1957,0.07192566245794300
csh_m,COL,1957,-0.07471526414155960
csh_r,COL,1957,-0.10990338027477300
rgdpe,COL,1958,54217.79296875000000000
rgdpo,COL,1958,55161.28515625000000000
pop,COL,1958,14.99346109529170000
emp,COL,1958,3.91934776306152000
avh,COL,1958,2238.61327813223000000
hc,COL,1958,1.55413401126862000
ccon,COL,1958,46114.77734375000000000
cda,COL,1958,60133.09765625000000000
cgdpe,COL,1958,54839.41406250000000000
cgdpo,COL,1958,55247.03515625000000000
cn,COL,1958,304814.50000000000000000
ck,COL,1958,0.02198041416704650
ctfp,COL,1958,0.51753973960876500
cwtfp,COL,1958,0.56190359592437700
rgdpna,COL,1958,58373.44140625000000000
rconna,COL,1958,51846.97265625000000000
rdana,COL,1958,57269.96093750000000000
rnna,COL,1958,226571.17187500000000000
rkna,COL,1958,0.08739691972732540
rtfpna,COL,1958,0.85379159450531000
rwtfpna,COL,1958,0.80599164962768600
labsh,COL,1958,0.47573736310005200
irr,COL,1958,0.13995507359504700
xr,COL,1958,6.40114117484238000
pl_da,COL,1958,0.08378075063228610
pl_gdpo,COL,1958,0.08316260576248170
i_cig,COL,1958,0.00000000000000000
i_xm,COL,1958,0.00000000000000000
i_xr,COL,1958,0.00000000000000000
i_outlier,COL,1958,0.00000000000000000
i_irr,COL,1958,0.00000000000000000
csh_c,COL,1958,0.76554828882217400
csh_i,COL,1958,0.25373885035514800
csh_g,COL,1958,0.06915315985679630
csh_x,COL,1958,0.07366779446601870
csh_m,COL,1958,-0.05958281829953190
csh_r,COL,1958,-0.10252527147531500
rgdpe,COL,1959,57051.68750000000000000
rgdpo,COL,1959,58454.65234375000000000
pop,COL,1959,15.48306292888990000
emp,COL,1959,4.00329113006592000
avh,COL,1959,2228.28280316868000000
hc,COL,1959,1.56767535209656000
ccon,COL,1959,47993.92968750000000000
cda,COL,1959,62923.36328125000000000
cgdpe,COL,1959,57404.16406250000000000
cgdpo,COL,1959,58292.30859375000000000
cn,COL,1959,321611.93750000000000000
ck,COL,1959,0.02187389694154260
ctfp,COL,1959,0.52212601900100700
cwtfp,COL,1959,0.56234008073806800
rgdpna,COL,1959,62282.60546875000000000
rconna,COL,1959,54519.75781250000000000
rdana,COL,1959,60246.85937500000000000
rnna,COL,1959,234500.09375000000000000
rkna,COL,1959,0.09012247622013090
rtfpna,COL,1959,0.88571935892105100
rwtfpna,COL,1959,0.82438635826110800
labsh,COL,1959,0.47573736310005200
irr,COL,1959,0.14647755026817300
xr,COL,1959,6.40114117484238000
pl_da,COL,1959,0.09142329543828960
pl_gdpo,COL,1959,0.09003036469221120
i_cig,COL,1959,0.00000000000000000
i_xm,COL,1959,0.00000000000000000
i_xr,COL,1959,0.00000000000000000
i_outlier,COL,1959,0.00000000000000000
i_irr,COL,1959,0.00000000000000000
csh_c,COL,1959,0.75689387321472200
csh_i,COL,1959,0.25611323118209800
csh_g,COL,1959,0.06643825769424440
csh_x,COL,1959,0.08034200221300130
csh_m,COL,1959,-0.05699792876839640
csh_r,COL,1959,-0.10278940945863700
rgdpe,COL,1960,60174.77734375000000000
rgdpo,COL,1960,61971.19921875000000000
pop,COL,1960,15.99025077703910000
emp,COL,1960,4.09365797042847000
avh,COL,1960,2218.00000000000000000
hc,COL,1960,1.58133471012115000
ccon,COL,1960,51217.07812500000000000
cda,COL,1960,68329.00781250000000000
cgdpe,COL,1960,60783.37890625000000000
cgdpo,COL,1960,61454.39062500000000000
cn,COL,1960,342670.65625000000000000
ck,COL,1960,0.02186777628958230
ctfp,COL,1960,0.52950578927993800
cwtfp,COL,1960,0.58921486139297500
rgdpna,COL,1960,65859.65625000000000000
rconna,COL,1960,57507.50781250000000000
rdana,COL,1960,65033.74609375000000000
rnna,COL,1960,246020.43750000000000000
rkna,COL,1960,0.09450538456439970
rtfpna,COL,1960,0.90216904878616300
rwtfpna,COL,1960,0.85718452930450400
labsh,COL,1960,0.47573736310005200
irr,COL,1960,0.14860257506370500
xr,COL,1960,6.63500023733515000
pl_da,COL,1960,0.09497400373220440
pl_gdpo,COL,1960,0.09393699467182160
i_cig,COL,1960,0.00000000000000000
i_xm,COL,1960,0.00000000000000000
i_xr,COL,1960,0.00000000000000000
i_outlier,COL,1960,0.00000000000000000
i_irr,COL,1960,0.00000000000000000
csh_c,COL,1960,0.76297330856323200
csh_i,COL,1960,0.27844923734664900
csh_g,COL,1960,0.07044278085231780
csh_x,COL,1960,0.07586688548326490
csh_m,COL,1960,-0.07355841994285580
csh_r,COL,1960,-0.11417376250028600
rgdpe,COL,1961,64003.88671875000000000
rgdpo,COL,1961,65937.42968750000000000
pop,COL,1961,16.51487838435920000
emp,COL,1961,4.19889593124390000
avh,COL,1961,2213.15260427349000000
hc,COL,1961,1.59134590625763000
ccon,COL,1961,55404.00000000000000000
cda,COL,1961,73452.14843750000000000
cgdpe,COL,1961,64547.65625000000000000
cgdpo,COL,1961,65321.63281250000000000
cn,COL,1961,364123.53125000000000000
ck,COL,1961,0.02161863259971140
ctfp,COL,1961,0.54586064815521200
cwtfp,COL,1961,0.61485761404037500
rgdpna,COL,1961,69705.50000000000000000
rconna,COL,1961,61470.60546875000000000
rdana,COL,1961,69990.39062500000000000
rnna,COL,1961,259385.64062500000000000
rkna,COL,1961,0.09961990267038350
rtfpna,COL,1961,0.91588133573532100
rwtfpna,COL,1961,0.88486623764038100
labsh,COL,1961,0.47573736310005200
irr,COL,1961,0.15332239866256700
xr,COL,1961,6.69999981780126000
pl_da,COL,1961,0.10098670423030900
pl_gdpo,COL,1961,0.09979013353586200
i_cig,COL,1961,0.00000000000000000
i_xm,COL,1961,0.00000000000000000
i_xr,COL,1961,0.00000000000000000
i_outlier,COL,1961,0.00000000000000000
i_irr,COL,1961,0.00000000000000000
csh_c,COL,1961,0.77690440416336100
csh_i,COL,1961,0.27629667520523100
csh_g,COL,1961,0.07126792520284650
csh_x,COL,1961,0.06428345292806630
csh_m,COL,1961,-0.06928081065416340
csh_r,COL,1961,-0.11947162449359900
rgdpe,COL,1962,67250.46093750000000000
rgdpo,COL,1962,69062.14062500000000000
pop,COL,1962,17.04989585916610000
emp,COL,1962,4.30683946609497000
avh,COL,1962,2208.31580243577000000
hc,COL,1962,1.60142040252686000
ccon,COL,1962,59756.65234375000000000
cda,COL,1962,76210.19531250000000000
cgdpe,COL,1962,67716.67968750000000000
cgdpo,COL,1962,68612.10937500000000000
cn,COL,1962,384377.65625000000000000
ck,COL,1962,0.02121323160827160
ctfp,COL,1962,0.54951953887939500
cwtfp,COL,1962,0.61136072874069200
rgdpna,COL,1962,73088.52343750000000000
rconna,COL,1962,65941.80468750000000000
rdana,COL,1962,72790.96875000000000000
rnna,COL,1962,270663.31250000000000000
rkna,COL,1962,0.10348489880561800
rtfpna,COL,1962,0.92823660373687700
rwtfpna,COL,1962,0.88951653242111200
labsh,COL,1962,0.47573736310005200
irr,COL,1962,0.15147680044174200
xr,COL,1962,6.90120793268163000
pl_da,COL,1962,0.10479597747325900
pl_gdpo,COL,1962,0.10342831909656500
i_cig,COL,1962,0.00000000000000000
i_xm,COL,1962,0.00000000000000000
i_xr,COL,1962,0.00000000000000000
i_outlier,COL,1962,0.00000000000000000
i_irr,COL,1962,0.00000000000000000
csh_c,COL,1962,0.79748779535293600
csh_i,COL,1962,0.23980519175529500
csh_g,COL,1962,0.07344666868448260
csh_x,COL,1962,0.06308564543724060
csh_m,COL,1962,-0.06083166226744650
csh_r,COL,1962,-0.11299369484186200
rgdpe,COL,1963,69307.13281250000000000
rgdpo,COL,1963,71111.81250000000000000
pop,COL,1963,17.58728783308400000
emp,COL,1963,4.41755771636963000
avh,COL,1963,2203.48957133410000000
hc,COL,1963,1.61155879497528000
ccon,COL,1963,62309.06250000000000000
cda,COL,1963,78341.89062500000000000
cgdpe,COL,1963,69532.25000000000000000
cgdpo,COL,1963,70565.15625000000000000
cn,COL,1963,398937.40625000000000000
ck,COL,1963,0.02099857106804850
ctfp,COL,1963,0.54108566045761100
cwtfp,COL,1963,0.60331267118454000
rgdpna,COL,1963,75276.82812500000000000
rconna,COL,1963,69202.83593750000000000
rdana,COL,1963,75075.26562500000000000
rnna,COL,1963,280882.46875000000000000
rkna,COL,1963,0.10688947141170500
rtfpna,COL,1963,0.92683959007263200
rwtfpna,COL,1963,0.88942062854766800
labsh,COL,1963,0.47573736310005200
irr,COL,1963,0.14452117681503300
xr,COL,1963,9.00000001146643000
pl_da,COL,1963,0.09938124567270280
pl_gdpo,COL,1963,0.09792653471231460
i_cig,COL,1963,0.00000000000000000
i_xm,COL,1963,0.00000000000000000
i_xr,COL,1963,0.00000000000000000
i_outlier,COL,1963,0.00000000000000000
i_irr,COL,1963,0.00000000000000000
csh_c,COL,1963,0.80681610107421900
csh_i,COL,1963,0.22720605134964000
csh_g,COL,1963,0.07618429511785510
csh_x,COL,1963,0.06237249821424480
csh_m,COL,1963,-0.05447102710604670
csh_r,COL,1963,-0.11810791492462200
rgdpe,COL,1964,75706.71093750000000000
rgdpo,COL,1964,77066.56250000000000000
pop,COL,1964,18.13255083183260000
emp,COL,1964,4.53112268447876000
avh,COL,1964,2198.67388786634000000
hc,COL,1964,1.62176120281219000
ccon,COL,1964,67637.05468750000000000
cda,COL,1964,85865.72656250000000000
cgdpe,COL,1964,75668.84375000000000000
cgdpo,COL,1964,76194.44531250000000000
cn,COL,1964,421796.59375000000000000
ck,COL,1964,0.02110308408737180
ctfp,COL,1964,0.54797059297561600
cwtfp,COL,1964,0.62257087230682400
rgdpna,COL,1964,81225.67187500000000000
rconna,COL,1964,75609.78125000000000000
rdana,COL,1964,82611.22656250000000000
rnna,COL,1964,293661.87500000000000000
rkna,COL,1964,0.11172510683536500
rtfpna,COL,1964,0.96353214979171800
rwtfpna,COL,1964,0.94292908906936600
labsh,COL,1964,0.47573736310005200
irr,COL,1964,0.16059973835945100
xr,COL,1964,9.00000001146643000
pl_da,COL,1964,0.11302661150693900
pl_gdpo,COL,1964,0.11224694550037400
i_cig,COL,1964,0.00000000000000000
i_xm,COL,1964,0.00000000000000000
i_xr,COL,1964,0.00000000000000000
i_outlier,COL,1964,0.00000000000000000
i_irr,COL,1964,0.00000000000000000
csh_c,COL,1964,0.81555145978927600
csh_i,COL,1964,0.23923882842063900
csh_g,COL,1964,0.07213868945837020
csh_x,COL,1964,0.06004915013909340
csh_m,COL,1964,-0.05668219551444050
csh_r,COL,1964,-0.13029596209526100
rgdpe,COL,1965,75619.89843750000000000
rgdpo,COL,1965,77275.75781250000000000
pop,COL,1965,18.69003428011220000
emp,COL,1965,4.65516233444214000
avh,COL,1965,2193.86872898084000000
hc,COL,1965,1.63202834129333000
ccon,COL,1965,66643.26562500000000000
cda,COL,1965,84226.96875000000000000
cgdpe,COL,1965,75479.28906250000000000
cgdpo,COL,1965,76241.89062500000000000
cn,COL,1965,435952.93750000000000000
ck,COL,1965,0.02090791985392570
ctfp,COL,1965,0.52419596910476700
cwtfp,COL,1965,0.58096241950988800
rgdpna,COL,1965,82062.51562500000000000
rconna,COL,1965,74418.28125000000000000
rdana,COL,1965,81044.34375000000000000
rnna,COL,1965,305244.15625000000000000
rkna,COL,1965,0.11581427603960000
rtfpna,COL,1965,0.94124251604080200
rwtfpna,COL,1965,0.89443022012710600
labsh,COL,1965,0.47573736310005200
irr,COL,1965,0.14754082262516000
xr,COL,1965,10.47500039481540000
pl_da,COL,1965,0.10964427888393400
pl_gdpo,COL,1965,0.10854757577180900
i_cig,COL,1965,0.00000000000000000
i_xm,COL,1965,0.00000000000000000
i_xr,COL,1965,0.00000000000000000
i_outlier,COL,1965,0.00000000000000000
i_irr,COL,1965,0.00000000000000000
csh_c,COL,1965,0.79593080282211300
csh_i,COL,1965,0.23063042759895300
csh_g,COL,1965,0.07817216962575910
csh_x,COL,1965,0.06522607803344730
csh_m,COL,1965,-0.04371553286910060
csh_r,COL,1965,-0.12624391913414000
rgdpe,COL,1966,79307.35937500000000000
rgdpo,COL,1966,81533.42968750000000000
pop,COL,1966,19.24689829384100000
emp,COL,1966,4.81628751754761000
avh,COL,1966,2189.07407167634000000
hc,COL,1966,1.64236044883728000
ccon,COL,1966,72487.72656250000000000
cda,COL,1966,91821.19531250000000000
cgdpe,COL,1966,79102.33593750000000000
cgdpo,COL,1966,80481.28906250000000000
cn,COL,1966,449999.21875000000000000
ck,COL,1966,0.02056464552879330
ctfp,COL,1966,0.52448600530624400
cwtfp,COL,1966,0.59833383560180700
rgdpna,COL,1966,86632.60156250000000000
rconna,COL,1966,81026.16406250000000000
rdana,COL,1966,88478.82031250000000000
rnna,COL,1966,318781.46875000000000000
rkna,COL,1966,0.12105521559715300
rtfpna,COL,1966,0.95340824127197300
rwtfpna,COL,1966,0.93692308664321900
labsh,COL,1966,0.47573736310005200
irr,COL,1966,0.13337723910808600
xr,COL,1966,13.50000001719960000
pl_da,COL,1966,0.09882945567369460
pl_gdpo,COL,1966,0.09713613241910930
i_cig,COL,1966,0.00000000000000000
i_xm,COL,1966,0.00000000000000000
i_xr,COL,1966,0.00000000000000000
i_outlier,COL,1966,0.00000000000000000
i_irr,COL,1966,0.00000000000000000
csh_c,COL,1966,0.82136714458465600
csh_i,COL,1966,0.24022310972213700
csh_g,COL,1966,0.07931088656187060
csh_x,COL,1966,0.05784310027956960
csh_m,COL,1966,-0.05925895646214490
csh_r,COL,1966,-0.13948529958725000
rgdpe,COL,1967,82611.03906250000000000
rgdpo,COL,1967,84639.56250000000000000
pop,COL,1967,19.81051490890640000
emp,COL,1967,4.98298931121826000
avh,COL,1967,2184.28989300183000000
hc,COL,1967,1.65275788307190000
ccon,COL,1967,72961.90625000000000000
cda,COL,1967,92551.29687500000000000
cgdpe,COL,1967,82616.48437500000000000
cgdpo,COL,1967,83766.55468750000000000
cn,COL,1967,470384.68750000000000000
ck,COL,1967,0.02031230926513670
ctfp,COL,1967,0.52743512392044100
cwtfp,COL,1967,0.58161735534668000
rgdpna,COL,1967,90062.45312500000000000
rconna,COL,1967,80960.62500000000000000
rdana,COL,1967,88902.45312500000000000
rnna,COL,1967,332477.90625000000000000
rkna,COL,1967,0.12592355906963300
rtfpna,COL,1967,0.95341509580612200
rwtfpna,COL,1967,0.90556383132934600
labsh,COL,1967,0.47573736310005200
irr,COL,1967,0.14800408482551600
xr,COL,1967,14.50638963640180000
pl_da,COL,1967,0.09900949895381930
pl_gdpo,COL,1967,0.09765014797449110
i_cig,COL,1967,0.00000000000000000
i_xm,COL,1967,0.00000000000000000
i_xr,COL,1967,0.00000000000000000
i_outlier,COL,1967,0.00000000000000000
i_irr,COL,1967,0.00000000000000000
csh_c,COL,1967,0.78944730758667000
csh_i,COL,1967,0.23385699093341800
csh_g,COL,1967,0.08156752586364750
csh_x,COL,1967,0.05697028338909150
csh_m,COL,1967,-0.03999269008636470
csh_r,COL,1967,-0.12184941023588200
rgdpe,COL,1968,87645.08593750000000000
rgdpo,COL,1968,90075.42187500000000000
pop,COL,1968,20.36946473465630000
emp,COL,1968,5.15546035766602000
avh,COL,1968,2179.51617005648000000
hc,COL,1968,1.66322124004364000
ccon,COL,1968,77568.96875000000000000
cda,COL,1968,100244.62500000000000000
cgdpe,COL,1968,87699.15625000000000000
cgdpo,COL,1968,89227.09375000000000000
cn,COL,1968,495218.09375000000000000
ck,COL,1968,0.02049228735268120
ctfp,COL,1968,0.52931290864944500
cwtfp,COL,1968,0.59096223115921000
rgdpna,COL,1968,95959.17187500000000000
rconna,COL,1968,85998.57031250000000000
rdana,COL,1968,96352.57812500000000000
rnna,COL,1968,350059.18750000000000000
rkna,COL,1968,0.13263182342052500
rtfpna,COL,1968,0.97079026699066200
rwtfpna,COL,1968,0.93792760372161900
labsh,COL,1968,0.47573736310005200
irr,COL,1968,0.14144612848758700
xr,COL,1968,16.29067041565260000
pl_da,COL,1968,0.09679205715656280
pl_gdpo,COL,1968,0.09513457119464870
i_cig,COL,1968,0.00000000000000000
i_xm,COL,1968,0.00000000000000000
i_xr,COL,1968,0.00000000000000000
i_outlier,COL,1968,0.00000000000000000
i_irr,COL,1968,0.00000000000000000
csh_c,COL,1968,0.78910124301910400
csh_i,COL,1968,0.25413420796394300
csh_g,COL,1968,0.08024203032255170
csh_x,COL,1968,0.05603484436869620
csh_m,COL,1968,-0.04647198691964150
csh_r,COL,1968,-0.13304030895233200
rgdpe,COL,1969,93764.58593750000000000
rgdpo,COL,1969,96192.74218750000000000
pop,COL,1969,20.91822830335030000
emp,COL,1969,5.33390235900879000
avh,COL,1969,2174.75287998948000000
hc,COL,1969,1.67375075817108000
ccon,COL,1969,83244.30468750000000000
cda,COL,1969,106602.89843750000000000
cgdpe,COL,1969,93516.16406250000000000
cgdpo,COL,1969,94971.44531250000000000
cn,COL,1969,518482.84375000000000000
ck,COL,1969,0.02054066024720670
ctfp,COL,1969,0.54174816608429000
cwtfp,COL,1969,0.60430735349655200
rgdpna,COL,1969,102273.13281250000000000
rconna,COL,1969,92821.74218750000000000
rdana,COL,1969,102695.36718750000000000
rnna,COL,1969,367610.34375000000000000
rkna,COL,1969,0.13936583697795900
rtfpna,COL,1969,0.99001598358154300
rwtfpna,COL,1969,0.95652997493743900
labsh,COL,1969,0.47573736310005200
irr,COL,1969,0.14290092885494200
xr,COL,1969,17.32014086068970000
pl_da,COL,1969,0.09813524782657620
pl_gdpo,COL,1969,0.09663148224353790
i_cig,COL,1969,0.00000000000000000
i_xm,COL,1969,0.00000000000000000
i_xr,COL,1969,0.00000000000000000
i_outlier,COL,1969,0.00000000000000000
i_irr,COL,1969,0.00000000000000000
csh_c,COL,1969,0.79388022422790500
csh_i,COL,1969,0.24595382809639000
csh_g,COL,1969,0.08263910561800000
csh_x,COL,1969,0.05283677950501440
csh_m,COL,1969,-0.04434223100543020
csh_r,COL,1969,-0.13096769154071800
rgdpe,COL,1970,101762.36718750000000000
rgdpo,COL,1970,103985.32031250000000000
pop,COL,1970,21.48006500000000000
emp,COL,1970,5.53469944000244000
avh,COL,1970,2170.00000000000000000
hc,COL,1970,1.68434691429138000
ccon,COL,1970,88666.60937500000000000
cda,COL,1970,116243.91406250000000000
cgdpe,COL,1970,101364.00000000000000000
cgdpo,COL,1970,102590.53125000000000000
cn,COL,1970,547306.62500000000000000
ck,COL,1970,0.02065179310739040
ctfp,COL,1970,0.56628423929214500
cwtfp,COL,1970,0.63983744382858300
rgdpna,COL,1970,109445.25781250000000000
rconna,COL,1970,99374.64843750000000000
rdana,COL,1970,112073.57031250000000000
rnna,COL,1970,389420.09375000000000000
rkna,COL,1970,0.14837862551212300
rtfpna,COL,1970,1.00536298751831000
rwtfpna,COL,1970,0.99059504270553600
labsh,COL,1970,0.47573736310005200
irr,COL,1970,0.14534677565097800
xr,COL,1970,18.44309999908330000
pl_da,COL,1970,0.09990693628787990
pl_gdpo,COL,1970,0.09871249645948410
i_cig,COL,1970,1.00000000000000000
i_xm,COL,1970,0.00000000000000000
i_xr,COL,1970,0.00000000000000000
i_outlier,COL,1970,0.00000000000000000
i_irr,COL,1970,0.00000000000000000
cor_exp,COL,1970,0.59363176328419900
csh_c,COL,1970,0.77622723579406700
csh_i,COL,1970,0.26880943775177000
csh_g,COL,1970,0.08804947882890700
csh_x,COL,1970,0.05051153153181080
csh_m,COL,1970,-0.04818069189786910
csh_r,COL,1970,-0.13541696965694400
rgdpe,COL,1971,112098.14062500000000000
rgdpo,COL,1971,115132.64843750000000000
pop,COL,1971,22.00398000000000000
emp,COL,1971,5.71786546707153000
avh,COL,1971,2160.28994878830000000
hc,COL,1971,1.69703042507172000
ccon,COL,1971,100281.41406250000000000
cda,COL,1971,129643.99218750000000000
cgdpe,COL,1971,111453.33593750000000000
cgdpo,COL,1971,113404.53125000000000000
cn,COL,1971,575687.68750000000000000
ck,COL,1971,0.02100899256765840
ctfp,COL,1971,0.59624433517456100
cwtfp,COL,1971,0.67752832174301100
rgdpna,COL,1971,115968.99218750000000000
rconna,COL,1971,108453.36718750000000000
rdana,COL,1971,120989.65625000000000000
rnna,COL,1971,411619.59375000000000000
rkna,COL,1971,0.15798236429691300
rtfpna,COL,1971,1.01353323459625000
rwtfpna,COL,1971,1.01744616031647000
labsh,COL,1971,0.47573736310005200
irr,COL,1971,0.14625884592533100
xr,COL,1971,19.93193333258330000
pl_da,COL,1971,0.09861518442630770
pl_gdpo,COL,1971,0.09691844135522840
i_cig,COL,1971,2.00000000000000000
i_xm,COL,1971,0.00000000000000000
i_xr,COL,1971,0.00000000000000000
i_outlier,COL,1971,0.00000000000000000
i_irr,COL,1971,0.00000000000000000
csh_c,COL,1971,0.78086853027343800
csh_i,COL,1971,0.25891894102096600
csh_g,COL,1971,0.10341194272041300
csh_x,COL,1971,0.04594815149903300
csh_m,COL,1971,-0.04780299961566930
csh_r,COL,1971,-0.14134457707405100
rgdpe,COL,1972,124402.71093750000000000
rgdpo,COL,1972,126566.89843750000000000
pop,COL,1972,22.51642500000000000
emp,COL,1972,5.90709257125854000
avh,COL,1972,2150.62334692892000000
hc,COL,1972,1.70964860916138000
ccon,COL,1972,108421.26562500000000000
cda,COL,1972,137505.82812500000000000
cgdpe,COL,1972,123222.25000000000000000
cgdpo,COL,1972,124292.92187500000000000
cn,COL,1972,585988.50000000000000000
ck,COL,1972,0.02081950753927230
ctfp,COL,1972,0.62489587068557700
cwtfp,COL,1972,0.68538773059845000
rgdpna,COL,1972,124862.82031250000000000
rconna,COL,1972,113692.89062500000000000
rdana,COL,1972,124783.57812500000000000
rnna,COL,1972,431662.59375000000000000
rkna,COL,1972,0.16653296351432800
rtfpna,COL,1972,1.04375183582306000
rwtfpna,COL,1972,1.00366461277008000
labsh,COL,1972,0.47573736310005200
irr,COL,1972,0.14890046417713200
xr,COL,1972,21.86564166566670000
pl_da,COL,1972,0.09902934730052950
pl_gdpo,COL,1972,0.09817630052566530
i_cig,COL,1972,2.00000000000000000
i_xm,COL,1972,0.00000000000000000
i_xr,COL,1972,0.00000000000000000
i_outlier,COL,1972,0.00000000000000000
i_irr,COL,1972,0.00000000000000000
csh_c,COL,1972,0.77959710359573400
csh_i,COL,1972,0.23400013148784600
csh_g,COL,1972,0.09270731359720230
csh_x,COL,1972,0.04770858213305470
csh_m,COL,1972,-0.03772930800914760
csh_r,COL,1972,-0.11628379672765700
rgdpe,COL,1973,138775.62500000000000000
rgdpo,COL,1973,140358.28125000000000000
pop,COL,1973,23.02451700000000000
emp,COL,1973,6.10258197784424000
avh,COL,1973,2141.00000000000000000
hc,COL,1973,1.71934318542480000
ccon,COL,1973,118163.73437500000000000
cda,COL,1973,150397.54687500000000000
cgdpe,COL,1973,136761.73437500000000000
cgdpo,COL,1973,137262.06250000000000000
cn,COL,1973,588945.43750000000000000
ck,COL,1973,0.02033101953566070
ctfp,COL,1973,0.66523253917694100
cwtfp,COL,1973,0.72848045825958300
rgdpna,COL,1973,133257.29687500000000000
rconna,COL,1973,119710.57812500000000000
rdana,COL,1973,132444.29687500000000000
rnna,COL,1973,453900.59375000000000000
rkna,COL,1973,0.17546401917934400
rtfpna,COL,1973,1.06657683849335000
rwtfpna,COL,1973,1.02000308036804000
labsh,COL,1973,0.47573736310005200
irr,COL,1973,0.15620477497577700
xr,COL,1973,23.63698333233330000
pl_da,COL,1973,0.10556289553642300
pl_gdpo,COL,1973,0.10517811775207500
i_cig,COL,1973,2.00000000000000000
i_xm,COL,1973,0.00000000000000000
i_xr,COL,1973,0.00000000000000000
i_outlier,COL,1973,0.00000000000000000
i_irr,COL,1973,0.00000000000000000
csh_c,COL,1973,0.76674205064773600
csh_i,COL,1973,0.23483411967754400
csh_g,COL,1973,0.09412027150392530
csh_x,COL,1973,0.05124440044164660
csh_m,COL,1973,-0.03933979943394660
csh_r,COL,1973,-0.10760104656219500
rgdpe,COL,1974,148491.60937500000000000
rgdpo,COL,1974,151681.32812500000000000
pop,COL,1974,23.53838600000000000
emp,COL,1974,6.30454254150391000
avh,COL,1974,2131.29765927281000000
hc,COL,1974,1.72909271717072000
ccon,COL,1974,129657.24218750000000000
cda,COL,1974,170055.48437500000000000
cgdpe,COL,1974,147653.67187500000000000
cgdpo,COL,1974,149353.84375000000000000
cn,COL,1974,595281.93750000000000000
ck,COL,1974,0.01979215070605280
ctfp,COL,1974,0.74224233627319300
cwtfp,COL,1974,0.84498935937881500
rgdpna,COL,1974,140913.92187500000000000
rconna,COL,1974,126085.87500000000000000
rdana,COL,1974,143959.06250000000000000
rnna,COL,1974,478438.90625000000000000
rkna,COL,1974,0.18579392135143300
rtfpna,COL,1974,1.07714414596558000
rwtfpna,COL,1974,1.05882942676544000
labsh,COL,1974,0.47573736310005200
irr,COL,1974,0.15025523304939300
xr,COL,1974,26.06412499900000000
pl_da,COL,1974,0.11749791353941000
pl_gdpo,COL,1974,0.11616037040948900
i_cig,COL,1974,2.00000000000000000
i_xm,COL,1974,0.00000000000000000
i_xr,COL,1974,0.00000000000000000
i_outlier,COL,1974,0.00000000000000000
i_irr,COL,1974,0.00000000000000000
csh_c,COL,1974,0.78169161081314100
csh_i,COL,1974,0.27048680186271700
csh_g,COL,1974,0.08642961829900740
csh_x,COL,1974,0.05119847506284710
csh_m,COL,1974,-0.04848974943161010
csh_r,COL,1974,-0.14131677150726300
rgdpe,COL,1975,157683.00000000000000000
rgdpo,COL,1975,160805.64062500000000000
pop,COL,1975,24.06550700000000000
emp,COL,1975,6.65619516372681000
avh,COL,1975,2121.63928651180000000
hc,COL,1975,1.73889756202698000
ccon,COL,1975,138735.26562500000000000
cda,COL,1975,173179.20312500000000000
cgdpe,COL,1975,157131.67187500000000000
cgdpo,COL,1975,158509.21875000000000000
cn,COL,1975,601894.31250000000000000
ck,COL,1975,0.01975512877106670
ctfp,COL,1975,0.76887780427932700
cwtfp,COL,1975,0.84776902198791500
rgdpna,COL,1975,144187.71875000000000000
rconna,COL,1975,129751.89843750000000000
rdana,COL,1975,140382.20312500000000000
rnna,COL,1975,499817.65625000000000000
rkna,COL,1975,0.19490867853164700
rtfpna,COL,1975,1.04688644409180000
rwtfpna,COL,1975,0.98073214292526200
labsh,COL,1975,0.47573736310005200
irr,COL,1975,0.14641153812408400
xr,COL,1975,30.92894166566670000
pl_da,COL,1975,0.11702749133110000
pl_gdpo,COL,1975,0.11601045727729800
i_cig,COL,1975,1.00000000000000000
i_xm,COL,1975,0.00000000000000000
i_xr,COL,1975,0.00000000000000000
i_outlier,COL,1975,0.00000000000000000
i_irr,COL,1975,0.00000000000000000
cor_exp,COL,1975,0.46750824907282500
csh_c,COL,1975,0.78967785835266100
csh_i,COL,1975,0.21729931235313400
csh_g,COL,1975,0.08557263016700740
csh_x,COL,1975,0.04755849018692970
csh_m,COL,1975,-0.03960416838526730
csh_r,COL,1975,-0.10050416737794900
rgdpe,COL,1976,170037.25000000000000000
rgdpo,COL,1976,171552.54687500000000000
pop,COL,1976,24.60811300000000000
emp,COL,1976,6.87552547454834000
avh,COL,1976,2112.02468246793000000
hc,COL,1976,1.74875795841217000
ccon,COL,1976,147737.26562500000000000
cda,COL,1976,183944.12500000000000000
cgdpe,COL,1976,168859.54687500000000000
cgdpo,COL,1976,168650.56250000000000000
cn,COL,1976,602769.93750000000000000
ck,COL,1976,0.01924849860370160
ctfp,COL,1976,0.79164725542068500
cwtfp,COL,1976,0.86165398359298700
rgdpna,COL,1976,151005.45312500000000000
rconna,COL,1976,138479.29687500000000000
rdana,COL,1976,150612.25000000000000000
rnna,COL,1976,523846.09375000000000000
rkna,COL,1976,0.20542541146278400
rtfpna,COL,1976,1.04971289634705000
rwtfpna,COL,1976,1.00740766525269000
labsh,COL,1976,0.47573736310005200
irr,COL,1976,0.14482167363166800
xr,COL,1976,34.69392499900000000
pl_da,COL,1976,0.12752467393875100
pl_gdpo,COL,1976,0.12768270075321200
i_cig,COL,1976,2.00000000000000000
i_xm,COL,1976,0.00000000000000000
i_xr,COL,1976,0.00000000000000000
i_outlier,COL,1976,0.00000000000000000
i_irr,COL,1976,0.00000000000000000
csh_c,COL,1976,0.79233837127685500
csh_i,COL,1976,0.21468570828437800
csh_g,COL,1976,0.08365790545940400
csh_x,COL,1976,0.04125442355871200
csh_m,COL,1976,-0.04090841859579090
csh_r,COL,1976,-0.09102800488471980
rgdpe,COL,1977,180579.89062500000000000
rgdpo,COL,1977,179799.42187500000000000
pop,COL,1977,25.16454500000000000
emp,COL,1977,7.19566154479980000
avh,COL,1977,2102.45364879510000000
hc,COL,1977,1.75867426395416000
ccon,COL,1977,154238.92187500000000000
cda,COL,1977,194828.35937500000000000
cgdpe,COL,1977,179484.89062500000000000
cgdpo,COL,1977,176841.48437500000000000
cn,COL,1977,600735.56250000000000000
ck,COL,1977,0.01841628737747670
ctfp,COL,1977,0.81088489294052100
cwtfp,COL,1977,0.88351231813430800
rgdpna,COL,1977,157285.03125000000000000
rconna,COL,1977,144142.57812500000000000
rdana,COL,1977,160836.85937500000000000
rnna,COL,1977,546631.56250000000000000
rkna,COL,1977,0.21488456428051000
rtfpna,COL,1977,1.04443800449371000
rwtfpna,COL,1977,1.02765631675720000
labsh,COL,1977,0.47573736310005200
irr,COL,1977,0.15201507508754700
xr,COL,1977,36.77486666566670000
pl_da,COL,1977,0.15233360230922700
pl_gdpo,COL,1977,0.15461066365242000
i_cig,COL,1977,2.00000000000000000
i_xm,COL,1977,0.00000000000000000
i_xr,COL,1977,0.00000000000000000
i_outlier,COL,1977,0.00000000000000000
i_irr,COL,1977,0.00000000000000000
csh_c,COL,1977,0.78799831867218000
csh_i,COL,1977,0.22952441871166200
csh_g,COL,1977,0.08418913185596470
csh_x,COL,1977,0.04101044684648510
csh_m,COL,1977,-0.04206689447164540
csh_r,COL,1977,-0.10065544396638900
rgdpe,COL,1978,192850.95312500000000000
rgdpo,COL,1978,193374.04687500000000000
pop,COL,1978,25.73367300000000000
emp,COL,1978,7.39992856979370000
avh,COL,1978,2092.92598804604000000
hc,COL,1978,1.76864683628082000
ccon,COL,1978,166879.50000000000000000
cda,COL,1978,209112.93750000000000000
cgdpe,COL,1978,191310.39062500000000000
cgdpo,COL,1978,189846.12500000000000000
cn,COL,1978,601477.75000000000000000
ck,COL,1978,0.01770730689167980
ctfp,COL,1978,0.85359269380569500
cwtfp,COL,1978,0.93071156740188600
rgdpna,COL,1978,170606.90625000000000000
rconna,COL,1978,156330.35937500000000000
rdana,COL,1978,173847.09375000000000000
rnna,COL,1978,572213.50000000000000000
rkna,COL,1978,0.22635678946971900
rtfpna,COL,1978,1.08726739883423000
rwtfpna,COL,1978,1.06604182720184000
labsh,COL,1978,0.47573736310005200
irr,COL,1978,0.14387720823288000
xr,COL,1978,39.09464166566670000
pl_da,COL,1978,0.17067494988441500
pl_gdpo,COL,1978,0.17199133336544000
i_cig,COL,1978,2.00000000000000000
i_xm,COL,1978,0.00000000000000000
i_xr,COL,1978,0.00000000000000000
i_outlier,COL,1978,0.00000000000000000
i_irr,COL,1978,0.00000000000000000
csh_c,COL,1978,0.79364758729934700
csh_i,COL,1978,0.22246143221855200
csh_g,COL,1978,0.08537743240594860
csh_x,COL,1978,0.05016800388693810
csh_m,COL,1978,-0.05241259932518010
csh_r,COL,1978,-0.09924182295799260
rgdpe,COL,1979,198416.82812500000000000
rgdpo,COL,1979,200344.50000000000000000
pop,COL,1979,26.31299400000000000
emp,COL,1979,7.61825466156006000
avh,COL,1979,2083.44150366826000000
hc,COL,1979,1.77867591381073000
ccon,COL,1979,175306.21875000000000000
cda,COL,1979,216435.17187500000000000
cgdpe,COL,1979,196958.20312500000000000
cgdpo,COL,1979,196734.54687500000000000
cn,COL,1979,608370.12500000000000000
ck,COL,1979,0.01758345961570740
ctfp,COL,1979,0.86392354965210000
cwtfp,COL,1979,0.94628512859344500
rgdpna,COL,1979,179784.04687500000000000
rconna,COL,1979,164065.54687500000000000
rdana,COL,1979,180287.89062500000000000
rnna,COL,1979,597786.31250000000000000
rkna,COL,1979,0.23849272727966300
rtfpna,COL,1979,1.09891057014465000
rwtfpna,COL,1979,1.06033921241760000
labsh,COL,1979,0.47573736310005200
irr,COL,1979,0.13873322308063500
xr,COL,1979,42.54977499900000000
pl_da,COL,1979,0.19923801720142400
pl_gdpo,COL,1979,0.19946449995040900
i_cig,COL,1979,2.00000000000000000
i_xm,COL,1979,0.00000000000000000
i_xr,COL,1979,0.00000000000000000
i_outlier,COL,1979,0.00000000000000000
i_irr,COL,1979,0.00000000000000000
csh_c,COL,1979,0.79918932914733900
csh_i,COL,1979,0.20905809104442600
csh_g,COL,1979,0.09189066290855410
csh_x,COL,1979,0.05262134224176410
csh_m,COL,1979,-0.05215677991509440
csh_r,COL,1979,-0.10060265660285900
rgdpe,COL,1980,206952.79687500000000000
rgdpo,COL,1980,209897.56250000000000000
pop,COL,1980,26.90050600000000000
emp,COL,1980,7.78116416931152000
avh,COL,1980,2074.00000000000000000
hc,COL,1980,1.78876197338104000
ccon,COL,1980,185768.53125000000000000
cda,COL,1980,230693.98437500000000000
cgdpe,COL,1980,207203.06250000000000000
cgdpo,COL,1980,207268.73437500000000000
cn,COL,1980,625402.62500000000000000
ck,COL,1980,0.01733631268143650
ctfp,COL,1980,0.89588928222656300
cwtfp,COL,1980,1.00388622283936000
rgdpna,COL,1980,187132.46875000000000000
rconna,COL,1980,172455.25000000000000000
rdana,COL,1980,191892.26562500000000000
rnna,COL,1980,627972.62500000000000000
rkna,COL,1980,0.25275519490242000
rtfpna,COL,1980,1.09782826900482000
rwtfpna,COL,1980,1.08320283889771000
labsh,COL,1980,0.47573736310005200
irr,COL,1980,0.13592833280563400
xr,COL,1980,47.28030833241670000
pl_da,COL,1980,0.22634314000606500
pl_gdpo,COL,1980,0.22627142071723900
i_cig,COL,1980,1.00000000000000000
i_xm,COL,1980,0.00000000000000000
i_xr,COL,1980,0.00000000000000000
i_outlier,COL,1980,0.00000000000000000
i_irr,COL,1980,0.00000000000000000
cor_exp,COL,1980,0.49700311924650700
csh_c,COL,1980,0.79688090085983300
csh_i,COL,1980,0.21674977242946600
csh_g,COL,1980,0.09938809275627140
csh_x,COL,1980,0.05173096805810930
csh_m,COL,1980,-0.06667817384004590
csh_r,COL,1980,-0.09807152301073070
rgdpe,COL,1981,205857.50000000000000000
rgdpo,COL,1981,211147.56250000000000000
pop,COL,1981,27.49661700000000000
emp,COL,1981,8.13797092437744000
avh,COL,1981,2063.22314575255000000
hc,COL,1981,1.80154001712799000
ccon,COL,1981,188952.15625000000000000
cda,COL,1981,239652.26562500000000000
cgdpe,COL,1981,206339.67187500000000000
cgdpo,COL,1981,208584.87500000000000000
cn,COL,1981,658161.81250000000000000
ck,COL,1981,0.01791931316256520
ctfp,COL,1981,0.85318505764007600
cwtfp,COL,1981,0.98324042558670000
rgdpna,COL,1981,191393.23437500000000000
rconna,COL,1981,177608.14062500000000000
rdana,COL,1981,202233.10937500000000000
rnna,COL,1981,659803.87500000000000000
rkna,COL,1981,0.26740038394928000
rtfpna,COL,1981,1.06617796421051000
rwtfpna,COL,1981,1.08398294448853000
labsh,COL,1981,0.47573736310005200
irr,COL,1981,0.12793445587158200
xr,COL,1981,54.49054999900000000
pl_da,COL,1981,0.24767403304576900
pl_gdpo,COL,1981,0.24500805139541600
i_cig,COL,1981,2.00000000000000000
i_xm,COL,1981,0.00000000000000000
i_xr,COL,1981,0.00000000000000000
i_outlier,COL,1981,0.00000000000000000
i_irr,COL,1981,0.00000000000000000
csh_c,COL,1981,0.80819690227508500
csh_i,COL,1981,0.24306704103946700
csh_g,COL,1981,0.09767970442771910
csh_x,COL,1981,0.04116718471050260
csh_m,COL,1981,-0.07255060970783230
csh_r,COL,1981,-0.11756023019552200
rgdpe,COL,1982,207584.93750000000000000
rgdpo,COL,1982,212126.34375000000000000
pop,COL,1982,28.10181900000000000
emp,COL,1982,8.28090858459473000
avh,COL,1982,2052.50228985972000000
hc,COL,1982,1.81440949440002000
ccon,COL,1982,190135.06250000000000000
cda,COL,1982,243854.09375000000000000
cgdpe,COL,1982,208836.89062500000000000
cgdpo,COL,1982,210563.57812500000000000
cn,COL,1982,690450.62500000000000000
ck,COL,1982,0.01881561800837520
ctfp,COL,1982,0.83925229310989400
cwtfp,COL,1982,0.96902292966842700
rgdpna,COL,1982,193208.45312500000000000
rconna,COL,1982,180750.15625000000000000
rdana,COL,1982,207561.15625000000000000
rnna,COL,1982,691444.43750000000000000
rkna,COL,1982,0.28161349892616300
rtfpna,COL,1982,1.03787744045258000
rwtfpna,COL,1982,1.07283532619476000
labsh,COL,1982,0.47573736310005200
irr,COL,1982,0.12503357231617000
xr,COL,1982,64.08471666575000000
pl_da,COL,1982,0.26201042532920800
pl_gdpo,COL,1982,0.25986182689666700
i_cig,COL,1982,2.00000000000000000
i_xm,COL,1982,0.00000000000000000
i_xr,COL,1982,0.00000000000000000
i_outlier,COL,1982,0.00000000000000000
i_irr,COL,1982,0.00000000000000000
csh_c,COL,1982,0.80741834640502900
csh_i,COL,1982,0.25512021780014000
csh_g,COL,1982,0.09556332230567930
csh_x,COL,1982,0.04058821871876720
csh_m,COL,1982,-0.07467748224735260
csh_r,COL,1982,-0.12401261180639300
rgdpe,COL,1983,206795.23437500000000000
rgdpo,COL,1983,211167.81250000000000000
pop,COL,1983,28.71419000000000000
emp,COL,1983,8.29347324371338000
avh,COL,1983,2041.83714134459000000
hc,COL,1983,1.82737088203430000
ccon,COL,1983,188875.59375000000000000
cda,COL,1983,240641.06250000000000000
cgdpe,COL,1983,207883.89062500000000000
cgdpo,COL,1983,209927.14062500000000000
cn,COL,1983,715135.50000000000000000
ck,COL,1983,0.01963305659592150
ctfp,COL,1983,0.79846286773681600
cwtfp,COL,1983,0.90135878324508700
rgdpna,COL,1983,196249.46875000000000000
rconna,COL,1983,181383.67187500000000000
rdana,COL,1983,207020.00000000000000000
rnna,COL,1983,722085.37500000000000000
rkna,COL,1983,0.29444518685340900
rtfpna,COL,1983,1.02819585800171000
rwtfpna,COL,1983,1.04363048076630000
labsh,COL,1983,0.47573736310005200
irr,COL,1983,0.12198926508426700
xr,COL,1983,78.85429999958330000
pl_da,COL,1983,0.26162815093994100
pl_gdpo,COL,1983,0.25908169150352500
i_cig,COL,1983,2.00000000000000000
i_xm,COL,1983,0.00000000000000000
i_xr,COL,1983,0.00000000000000000
i_outlier,COL,1983,0.00000000000000000
i_irr,COL,1983,0.00000000000000000
csh_c,COL,1983,0.81049472093582200
csh_i,COL,1983,0.24658781290054300
csh_g,COL,1983,0.08922505378723140
csh_x,COL,1983,0.04421765357255940
csh_m,COL,1983,-0.06762826442718510
csh_r,COL,1983,-0.12289696186780900
rgdpe,COL,1984,212205.98437500000000000
rgdpo,COL,1984,215569.92187500000000000
pop,COL,1984,29.33123800000000000
emp,COL,1984,8.37685966491699000
avh,COL,1984,2031.22741074223000000
hc,COL,1984,1.84042477607727000
ccon,COL,1984,191623.50000000000000000
cda,COL,1984,239746.71875000000000000
cgdpe,COL,1984,212302.98437500000000000
cgdpo,COL,1984,213511.73437500000000000
cn,COL,1984,742847.50000000000000000
ck,COL,1984,0.01985519193112850
ctfp,COL,1984,0.77099734544754000
cwtfp,COL,1984,0.84028625488281300
rgdpna,COL,1984,202825.17187500000000000
rconna,COL,1984,186797.40625000000000000
rdana,COL,1984,208697.90625000000000000
rnna,COL,1984,752085.43750000000000000
rkna,COL,1984,0.30659788846969600
rtfpna,COL,1984,1.03447353839874000
rwtfpna,COL,1984,1.02419519424438000
labsh,COL,1984,0.47573736310005200
irr,COL,1984,0.11938131600618400
xr,COL,1984,100.81724166625000000
pl_da,COL,1984,0.25305819511413600
pl_gdpo,COL,1984,0.25162556767463700
i_cig,COL,1984,2.00000000000000000
i_xm,COL,1984,1.00000000000000000
i_xr,COL,1984,0.00000000000000000
i_outlier,COL,1984,0.00000000000000000
i_irr,COL,1984,0.00000000000000000
csh_c,COL,1984,0.81161516904830900
csh_i,COL,1984,0.22538910806179000
csh_g,COL,1984,0.08586944639682770
csh_x,COL,1984,0.04875626415014270
csh_m,COL,1984,-0.06114862486720090
csh_r,COL,1984,-0.11048133671283700
rgdpe,COL,1985,212867.50000000000000000
rgdpo,COL,1985,215325.81250000000000000
pop,COL,1985,29.95120100000000000
emp,COL,1985,8.60632228851318000
avh,COL,1985,2020.67281009180000000
hc,COL,1985,1.85357201099396000
ccon,COL,1985,193854.45312500000000000
cda,COL,1985,237220.90625000000000000
cgdpe,COL,1985,213427.18750000000000000
cgdpo,COL,1985,214395.15625000000000000
cn,COL,1985,766954.25000000000000000
ck,COL,1985,0.01994733326137070
ctfp,COL,1985,0.74076342582702600
cwtfp,COL,1985,0.79263025522232100
rgdpna,COL,1985,209127.14062500000000000
rconna,COL,1985,190774.62500000000000000
rdana,COL,1985,207054.73437500000000000
rnna,COL,1985,777910.00000000000000000
rkna,COL,1985,0.31566682457923900
rtfpna,COL,1985,1.03607976436615000
rwtfpna,COL,1985,0.98704057931900000
labsh,COL,1985,0.47573736310005200
irr,COL,1985,0.10290876030921900
xr,COL,1985,142.31166666641700000
pl_da,COL,1985,0.22960330545902300
pl_gdpo,COL,1985,0.22856666147708900
i_cig,COL,1985,2.00000000000000000
i_xm,COL,1985,1.00000000000000000
i_xr,COL,1985,0.00000000000000000
i_outlier,COL,1985,0.00000000000000000
i_irr,COL,1985,0.00000000000000000
csh_c,COL,1985,0.81857979297637900
csh_i,COL,1985,0.20227344334125500
csh_g,COL,1985,0.08561249822378160
csh_x,COL,1985,0.04935658723115920
csh_m,COL,1985,-0.05614964663982390
csh_r,COL,1985,-0.09967265278100970
rgdpe,COL,1986,229907.90625000000000000
rgdpo,COL,1986,229038.20312500000000000
pop,COL,1986,30.57247800000000000
emp,COL,1986,8.92414188385010000
avh,COL,1986,2010.17305292876000000
hc,COL,1986,1.86681318283081000
ccon,COL,1986,198046.25000000000000000
cda,COL,1986,242686.71875000000000000
cgdpe,COL,1986,230557.03125000000000000
cgdpo,COL,1986,227804.07812500000000000
cn,COL,1986,793039.75000000000000000
ck,COL,1986,0.02020897716283800
ctfp,COL,1986,0.74442893266677900
cwtfp,COL,1986,0.76683962345123300
rgdpna,COL,1986,221306.87500000000000000
rconna,COL,1986,196609.84375000000000000
rdana,COL,1986,214023.51562500000000000
rnna,COL,1986,807386.68750000000000000
rkna,COL,1986,0.32730045914650000
rtfpna,COL,1986,1.05645465850830000
rwtfpna,COL,1986,0.98307013511657700
labsh,COL,1986,0.47573736310005200
irr,COL,1986,0.10684327781200400
xr,COL,1986,194.26141666666700000
pl_da,COL,1986,0.21283282339572900
pl_gdpo,COL,1986,0.21540485322475400
i_cig,COL,1986,2.00000000000000000
i_xm,COL,1986,1.00000000000000000
i_xr,COL,1986,0.00000000000000000
i_outlier,COL,1986,0.00000000000000000
i_irr,COL,1986,0.00000000000000000
csh_c,COL,1986,0.79054886102676400
csh_i,COL,1986,0.19595991075038900
csh_g,COL,1986,0.07882212102413180
csh_x,COL,1986,0.05972731485962870
csh_m,COL,1986,-0.04685400426387790
csh_r,COL,1986,-0.07820416986942290
rgdpe,COL,1987,230163.39062500000000000
rgdpo,COL,1987,231066.96875000000000000
pop,COL,1987,31.19541300000000000
emp,COL,1987,9.39193058013916000
avh,COL,1987,1999.72785427710000000
hc,COL,1987,1.88014888763428000
ccon,COL,1987,203537.53125000000000000
cda,COL,1987,251881.10937500000000000
cgdpe,COL,1987,230510.00000000000000000
cgdpo,COL,1987,229374.25000000000000000
cn,COL,1987,816996.12500000000000000
ck,COL,1987,0.02006124891340730
ctfp,COL,1987,0.71591395139694200
cwtfp,COL,1987,0.76282960176467900
rgdpna,COL,1987,233188.67187500000000000
rconna,COL,1987,204361.75000000000000000
rdana,COL,1987,225191.98437500000000000
rnna,COL,1987,835627.62500000000000000
rkna,COL,1987,0.33977732062339800
rtfpna,COL,1987,1.06437611579895000
rwtfpna,COL,1987,0.98902595043182400
labsh,COL,1987,0.47573736310005200
irr,COL,1987,0.10518592596054100
xr,COL,1987,242.60750000000000000
pl_da,COL,1987,0.22158133983612100
pl_gdpo,COL,1987,0.22267852723598500
i_cig,COL,1987,2.00000000000000000
i_xm,COL,1987,1.00000000000000000
i_xr,COL,1987,0.00000000000000000
i_outlier,COL,1987,0.00000000000000000
i_irr,COL,1987,0.00000000000000000
csh_c,COL,1987,0.80796223878860500
csh_i,COL,1987,0.21076290309429200
csh_g,COL,1987,0.07939777523279190
csh_x,COL,1987,0.05588547140359880
csh_m,COL,1987,-0.04570290073752400
csh_r,COL,1987,-0.10830551385879500
rgdpe,COL,1988,236160.14062500000000000
rgdpo,COL,1988,238496.98437500000000000
pop,COL,1988,31.82252500000000000
emp,COL,1988,9.74868011474609000
avh,COL,1988,1989.33693064156000000
hc,COL,1988,1.89357984066010000
ccon,COL,1988,210598.73437500000000000
cda,COL,1988,262256.37500000000000000
cgdpe,COL,1988,236750.73437500000000000
cgdpo,COL,1988,236960.59375000000000000
cn,COL,1988,854181.43750000000000000
ck,COL,1988,0.02021902985870840
ctfp,COL,1988,0.70265787839889500
cwtfp,COL,1988,0.76116341352462800
rgdpna,COL,1988,242665.90625000000000000
rconna,COL,1988,213154.06250000000000000
rdana,COL,1988,237070.23437500000000000
rnna,COL,1988,869356.06250000000000000
rkna,COL,1988,0.35407787561416600
rtfpna,COL,1988,1.06392967700958000
rwtfpna,COL,1988,1.00011110305786000
labsh,COL,1988,0.47573736310005200
irr,COL,1988,0.09718947112560270
xr,COL,1988,299.17383333333300000
pl_da,COL,1988,0.23258502781391100
pl_gdpo,COL,1988,0.23237906396389000
i_cig,COL,1988,2.00000000000000000
i_xm,COL,1988,1.00000000000000000
i_xr,COL,1988,0.00000000000000000
i_outlier,COL,1988,0.00000000000000000
i_irr,COL,1988,0.00000000000000000
csh_c,COL,1988,0.80779826641082800
csh_i,COL,1988,0.21800096333026900
csh_g,COL,1988,0.08095175772905350
csh_x,COL,1988,0.04987258464097980
csh_m,COL,1988,-0.04851075261831280
csh_r,COL,1988,-0.10811282694339800
rgdpe,COL,1989,242562.50000000000000000
rgdpo,COL,1989,244014.87500000000000000
pop,COL,1989,32.45749900000000000
emp,COL,1989,10.22075462341310000
avh,COL,1989,1979.00000000000000000
hc,COL,1989,1.90710675716400000
ccon,COL,1989,216960.90625000000000000
cda,COL,1989,263502.96875000000000000
cgdpe,COL,1989,243317.21875000000000000
cgdpo,COL,1989,242597.31250000000000000
cn,COL,1989,884966.62500000000000000
ck,COL,1989,0.02044050022959710
ctfp,COL,1989,0.68908268213272100
cwtfp,COL,1989,0.73777896165847800
rgdpna,COL,1989,250950.73437500000000000
rconna,COL,1989,220537.46875000000000000
rdana,COL,1989,238182.98437500000000000
rnna,COL,1989,897651.68750000000000000
rkna,COL,1989,0.36603659391403200
rtfpna,COL,1989,1.05624616146088000
rwtfpna,COL,1989,0.96461606025695800
labsh,COL,1989,0.47573736310005200
irr,COL,1989,0.09558150172233580
xr,COL,1989,382.56808333333300000
pl_da,COL,1989,0.22820906341075900
pl_gdpo,COL,1989,0.22888627648353600
i_cig,COL,1989,2.00000000000000000
i_xm,COL,1989,1.00000000000000000
i_xr,COL,1989,0.00000000000000000
i_outlier,COL,1989,0.00000000000000000
i_irr,COL,1989,0.00000000000000000
csh_c,COL,1989,0.81353187561035200
csh_i,COL,1989,0.19184899330139200
csh_g,COL,1989,0.08079344779253010
csh_x,COL,1989,0.05424287170171740
csh_m,COL,1989,-0.04432861879467960
csh_r,COL,1989,-0.09608852118253710
rgdpe,COL,1990,251152.87500000000000000
rgdpo,COL,1990,252406.26562500000000000
pop,COL,1990,33.10257500000000000
emp,COL,1990,10.50545310974120000
avh,COL,1990,1969.00000000000000000
hc,COL,1990,1.92073035240173000
ccon,COL,1990,225696.00000000000000000
cda,COL,1990,270082.75000000000000000
cgdpe,COL,1990,254920.26562500000000000
cgdpo,COL,1990,253494.07812500000000000
cn,COL,1990,908843.43750000000000000
ck,COL,1990,0.02031970582902430
ctfp,COL,1990,0.69884842634201100
cwtfp,COL,1990,0.73542451858520500
rgdpna,COL,1990,261696.43750000000000000
rconna,COL,1990,227205.54687500000000000
rdana,COL,1990,242843.54687500000000000
rnna,COL,1990,922232.43750000000000000
rkna,COL,1990,0.37676432728767400
rtfpna,COL,1990,1.06978631019592000
rwtfpna,COL,1990,0.95519673824310300
labsh,COL,1990,0.47573736310005200
irr,COL,1990,0.09903915226459500
xr,COL,1990,502.25925000000000000
pl_da,COL,1990,0.22186167538166000
pl_gdpo,COL,1990,0.22310991585254700
i_cig,COL,1990,2.00000000000000000
i_xm,COL,1990,1.00000000000000000
i_xr,COL,1990,0.00000000000000000
i_outlier,COL,1990,0.00000000000000000
i_irr,COL,1990,0.00000000000000000
csh_c,COL,1990,0.81789988279342700
csh_i,COL,1990,0.17509974539279900
csh_g,COL,1990,0.07244043052196500
csh_x,COL,1990,0.06147869676351550
csh_m,COL,1990,-0.04663752019405370
csh_r,COL,1990,-0.08028124272823330
rgdpe,COL,1991,255330.15625000000000000
rgdpo,COL,1991,253754.45312500000000000
pop,COL,1991,33.75833700000000000
emp,COL,1991,11.19382762908940000
avh,COL,1991,1958.97447660759000000
hc,COL,1991,1.94368135929108000
ccon,COL,1991,226885.56250000000000000
cda,COL,1991,267445.06250000000000000
cgdpe,COL,1991,258957.39062500000000000
cgdpo,COL,1991,253152.93750000000000000
cn,COL,1991,936741.87500000000000000
ck,COL,1991,0.02009327895939350
ctfp,COL,1991,0.67389518022537200
cwtfp,COL,1991,0.70937961339950600
rgdpna,COL,1991,266934.56250000000000000
rconna,COL,1991,231146.15625000000000000
rdana,COL,1991,240978.93750000000000000
rnna,COL,1991,941675.31250000000000000
rkna,COL,1991,0.38383445143699600
rtfpna,COL,1991,1.04510140419006000
rwtfpna,COL,1991,0.90782004594802900
labsh,COL,1991,0.47573736310005200
irr,COL,1991,0.10434558987617500
xr,COL,1991,633.04516666666700000
pl_da,COL,1991,0.22364316880703000
pl_gdpo,COL,1991,0.22877101600170100
i_cig,COL,1991,2.00000000000000000
i_xm,COL,1991,1.00000000000000000
i_xr,COL,1991,0.00000000000000000
i_outlier,COL,1991,0.00000000000000000
i_irr,COL,1991,0.00000000000000000
csh_c,COL,1991,0.82417690753936800
csh_i,COL,1991,0.16021735966205600
csh_g,COL,1991,0.07206220924854280
csh_x,COL,1991,0.05473003163933750
csh_m,COL,1991,-0.03866756707429890
csh_r,COL,1991,-0.07251891493797300
rgdpe,COL,1992,263307.75000000000000000
rgdpo,COL,1992,265916.84375000000000000
pop,COL,1992,34.42256900000000000
emp,COL,1992,11.33909130096440000
avh,COL,1992,1949.00000000000000000
hc,COL,1992,1.96690678596497000
ccon,COL,1992,232744.01562500000000000
cda,COL,1992,290696.59375000000000000
cgdpe,COL,1992,267062.87500000000000000
cgdpo,COL,1992,267655.43750000000000000
cn,COL,1992,970185.68750000000000000
ck,COL,1992,0.02028678171336650
ctfp,COL,1992,0.67732042074203500
cwtfp,COL,1992,0.73106634616851800
rgdpna,COL,1992,277731.87500000000000000
rconna,COL,1992,239881.95312500000000000
rdana,COL,1992,268270.87500000000000000
rnna,COL,1992,967960.00000000000000000
rkna,COL,1992,0.39480200409889200
rtfpna,COL,1992,1.06145429611206000
rwtfpna,COL,1992,0.98654329776763900
labsh,COL,1992,0.47573736310005200
irr,COL,1992,0.10710351914167400
xr,COL,1992,759.28200000000000000
pl_da,COL,1992,0.23210521042347000
pl_gdpo,COL,1992,0.23159131407737700
i_cig,COL,1992,2.00000000000000000
i_xm,COL,1992,1.00000000000000000
i_xr,COL,1992,0.00000000000000000
i_outlier,COL,1992,0.00000000000000000
i_irr,COL,1992,0.00000000000000000
csh_c,COL,1992,0.79648208618164100
csh_i,COL,1992,0.21651937067508700
csh_g,COL,1992,0.07308373600244520
csh_x,COL,1992,0.06154492869973180
csh_m,COL,1992,-0.05539048090577130
csh_r,COL,1992,-0.09223958849906920
rgdpe,COL,1993,275878.18750000000000000
rgdpo,COL,1993,283950.06250000000000000
pop,COL,1993,35.09127500000000000
emp,COL,1993,12.05342960357670000
avh,COL,1993,1961.95693122963000000
hc,COL,1993,1.99040949344635000
ccon,COL,1993,245594.20312500000000000
cda,COL,1993,320439.71875000000000000
cgdpe,COL,1993,279838.46875000000000000
cgdpo,COL,1993,284546.34375000000000000
cn,COL,1993,1025628.12500000000000000
ck,COL,1993,0.02104057930409910
ctfp,COL,1993,0.67423474788665800
cwtfp,COL,1993,0.74905925989151000
rgdpna,COL,1993,293590.81250000000000000
rconna,COL,1993,256438.01562500000000000
rdana,COL,1993,299818.75000000000000000
rnna,COL,1993,1011335.93750000000000000
rkna,COL,1993,0.41858547925949100
rtfpna,COL,1993,1.04780757427216000
rwtfpna,COL,1993,1.02959144115448000
labsh,COL,1993,0.46964699029922500
irr,COL,1993,0.10880551487207400
xr,COL,1993,863.06468333333300000
pl_da,COL,1993,0.25638371706008900
pl_gdpo,COL,1993,0.25214180350303700
i_cig,COL,1993,2.00000000000000000
i_xm,COL,1993,1.00000000000000000
i_xr,COL,1993,0.00000000000000000
i_outlier,COL,1993,0.00000000000000000
i_irr,COL,1993,0.00000000000000000
csh_c,COL,1993,0.78653806447982800
csh_i,COL,1993,0.26303452253341700
csh_g,COL,1993,0.07656981796026230
csh_x,COL,1993,0.05731762200593950
csh_m,COL,1993,-0.07608444988727570
csh_r,COL,1993,-0.10737559944391300
rgdpe,COL,1994,292686.81250000000000000
rgdpo,COL,1994,299681.90625000000000000
pop,COL,1994,35.75897900000000000
emp,COL,1994,12.52074909210210000
avh,COL,1994,1975.00000000000000000
hc,COL,1994,2.01419329643250000
ccon,COL,1994,255964.10937500000000000
cda,COL,1994,337440.96875000000000000
cgdpe,COL,1994,294780.84375000000000000
cgdpo,COL,1994,299125.18750000000000000
cn,COL,1994,1083207.75000000000000000
ck,COL,1994,0.02171376347541810
ctfp,COL,1994,0.66718673706054700
cwtfp,COL,1994,0.74212038516998300
rgdpna,COL,1994,308702.96875000000000000
rconna,COL,1994,270018.78125000000000000
rdana,COL,1994,321257.59375000000000000
rnna,COL,1994,1060248.00000000000000000
rkna,COL,1994,0.44504168629646300
rtfpna,COL,1994,1.03864586353302000
rwtfpna,COL,1994,1.04003298282623000
labsh,COL,1994,0.50499045848846400
irr,COL,1994,0.10191700607538200
xr,COL,1994,844.83589000000000000
pl_da,COL,1994,0.32123157382011400
pl_gdpo,COL,1994,0.31656616926193200
i_cig,COL,1994,2.00000000000000000
i_xm,COL,1994,1.00000000000000000
i_xr,COL,1994,0.00000000000000000
i_outlier,COL,1994,0.00000000000000000
i_irr,COL,1994,0.00000000000000000
csh_c,COL,1994,0.77418667078018200
csh_i,COL,1994,0.27238377928733800
csh_g,COL,1994,0.08152233064174650
csh_x,COL,1994,0.06268060207366940
csh_m,COL,1994,-0.08193369954824450
csh_r,COL,1994,-0.10883960127830500
rgdpe,COL,1995,306066.28125000000000000
rgdpo,COL,1995,313140.15625000000000000
pop,COL,1995,36.42143800000000000
emp,COL,1995,13.09546470642090000
avh,COL,1995,1970.23276711893000000
hc,COL,1995,2.03826117515564000
ccon,COL,1995,270031.15625000000000000
cda,COL,1995,353460.06250000000000000
cgdpe,COL,1995,307772.00000000000000000
cgdpo,COL,1995,312181.65625000000000000
cn,COL,1995,1133446.37500000000000000
ck,COL,1995,0.02207859419286250
ctfp,COL,1995,0.66236072778701800
cwtfp,COL,1995,0.74084877967834500
rgdpna,COL,1995,324763.06250000000000000
rconna,COL,1995,285287.06250000000000000
rdana,COL,1995,339767.46875000000000000
rnna,COL,1995,1106346.37500000000000000
rkna,COL,1995,0.46823638677597000
rtfpna,COL,1995,1.03671300411224000
rwtfpna,COL,1995,1.04361593723297000
labsh,COL,1995,0.49851611256599400
irr,COL,1995,0.10294546186924000
xr,COL,1995,912.82641500000000000
pl_da,COL,1995,0.35604181885719300
pl_gdpo,COL,1995,0.35101267695426900
i_cig,COL,1995,2.00000000000000000
i_xm,COL,1995,1.00000000000000000
i_xr,COL,1995,0.00000000000000000
i_outlier,COL,1995,0.00000000000000000
i_irr,COL,1995,0.00000000000000000
csh_c,COL,1995,0.78484767675399800
csh_i,COL,1995,0.26724469661712600
csh_g,COL,1995,0.08013315498828890
csh_x,COL,1995,0.06799527257680890
csh_m,COL,1995,-0.08537835627794270
csh_r,COL,1995,-0.11484251171350500
rgdpe,COL,1996,308695.18750000000000000
rgdpo,COL,1996,314393.75000000000000000
pop,COL,1996,37.07638700000000000
emp,COL,1996,13.30018138885500000
avh,COL,1996,1965.47704133119000000
hc,COL,1996,2.06261658668518000
ccon,COL,1996,277058.40625000000000000
cda,COL,1996,348460.56250000000000000
cgdpe,COL,1996,309766.46875000000000000
cgdpo,COL,1996,312702.37500000000000000
cn,COL,1996,1179042.12500000000000000
ck,COL,1996,0.02211947180330750
ctfp,COL,1996,0.63767689466476400
cwtfp,COL,1996,0.70165199041366600
rgdpna,COL,1996,331439.71875000000000000
rconna,COL,1996,296153.18750000000000000
rdana,COL,1996,338677.90625000000000000
rnna,COL,1996,1148433.12500000000000000
rkna,COL,1996,0.48846250772476200
rtfpna,COL,1996,1.02306711673737000
rwtfpna,COL,1996,1.00589704513550000
labsh,COL,1996,0.50511050224304200
irr,COL,1996,0.09785883873701100
xr,COL,1996,1036.68641666667000000
pl_da,COL,1996,0.37151080369949300
pl_gdpo,COL,1996,0.36802276968956000
i_cig,COL,1996,2.00000000000000000
i_xm,COL,1996,1.00000000000000000
i_xr,COL,1996,0.00000000000000000
i_outlier,COL,1996,0.00000000000000000
i_irr,COL,1996,0.00000000000000000
csh_c,COL,1996,0.79288905858993500
csh_i,COL,1996,0.22833903133869200
csh_g,COL,1996,0.09312407672405240
csh_x,COL,1996,0.06937404721975330
csh_m,COL,1996,-0.08516694605350490
csh_r,COL,1996,-0.09855927526950840
rgdpe,COL,1997,316889.75000000000000000
rgdpo,COL,1997,322052.12500000000000000
pop,COL,1997,37.72380000000000000
emp,COL,1997,13.57670211791990000
avh,COL,1997,1960.73279486110000000
hc,COL,1997,2.08726310729980000
ccon,COL,1997,283338.56250000000000000
cda,COL,1997,353906.25000000000000000
cgdpe,COL,1997,316256.65625000000000000
cgdpo,COL,1997,318688.59375000000000000
cn,COL,1997,1224316.62500000000000000
ck,COL,1997,0.02214965783059600
ctfp,COL,1997,0.62115651369094800
cwtfp,COL,1997,0.68121808767318700
rgdpna,COL,1997,342809.06250000000000000
rconna,COL,1997,308926.00000000000000000
rdana,COL,1997,349458.43750000000000000
rnna,COL,1997,1186342.37500000000000000
rkna,COL,1997,0.50741547346115100
rtfpna,COL,1997,1.02277016639709000
rwtfpna,COL,1997,1.00320196151733000
labsh,COL,1997,0.50368487834930400
irr,COL,1997,0.09966897964477540
xr,COL,1997,1140.96294166667000000
pl_da,COL,1997,0.39955893158912700
pl_gdpo,COL,1997,0.39650982618331900
i_cig,COL,1997,2.00000000000000000
i_xm,COL,1997,1.00000000000000000
i_xr,COL,1997,0.00000000000000000
i_outlier,COL,1997,0.00000000000000000
i_irr,COL,1997,0.00000000000000000
csh_c,COL,1997,0.78214299678802500
csh_i,COL,1997,0.22143147885799400
csh_g,COL,1997,0.10693358629941900
csh_x,COL,1997,0.07569999992847440
csh_m,COL,1997,-0.09746821969747540
csh_r,COL,1997,-0.08873984217643740
rgdpe,COL,1998,309993.21875000000000000
rgdpo,COL,1998,315010.93750000000000000
pop,COL,1998,38.36430900000000000
emp,COL,1998,13.59968852996830000
avh,COL,1998,1956.00000000000000000
hc,COL,1998,2.11220407485962000
ccon,COL,1998,277280.75000000000000000
cda,COL,1998,342905.87500000000000000
cgdpe,COL,1998,307059.18750000000000000
cgdpo,COL,1998,310948.50000000000000000
cn,COL,1998,1262855.12500000000000000
ck,COL,1998,0.02203061059117320
ctfp,COL,1998,0.57992374897003200
cwtfp,COL,1998,0.62792193889617900
rgdpna,COL,1998,344762.34375000000000000
rconna,COL,1998,307816.21875000000000000
rdana,COL,1998,343691.78125000000000000
rnna,COL,1998,1216658.75000000000000000
rkna,COL,1998,0.52234840393066400
rtfpna,COL,1998,1.00823187828064000
rwtfpna,COL,1998,0.96711212396621700
labsh,COL,1998,0.50534731149673500
irr,COL,1998,0.09515561908483510
xr,COL,1998,1426.03745833333000000
pl_da,COL,1998,0.38005498051643400
pl_gdpo,COL,1998,0.37530130147934000
i_cig,COL,1998,2.00000000000000000
i_xm,COL,1998,1.00000000000000000
i_xr,COL,1998,0.00000000000000000
i_outlier,COL,1998,0.00000000000000000
i_irr,COL,1998,0.00000000000000000
csh_c,COL,1998,0.78047102689743000
csh_i,COL,1998,0.21104826033115400
csh_g,COL,1998,0.11125458031892800
csh_x,COL,1998,0.07827372848987580
csh_m,COL,1998,-0.09734702110290530
csh_r,COL,1998,-0.08370058983564380
rgdpe,COL,1999,295949.59375000000000000
rgdpo,COL,1999,298355.78125000000000000
pop,COL,1999,38.99947100000000000
emp,COL,1999,13.39802074432370000
avh,COL,1999,1956.00000000000000000
hc,COL,1999,2.13744306564331000
ccon,COL,1999,262950.25000000000000000
cda,COL,1999,303281.46875000000000000
cgdpe,COL,1999,293478.68750000000000000
cgdpo,COL,1999,295168.09375000000000000
cn,COL,1999,1261794.62500000000000000
ck,COL,1999,0.02114212699234490
ctfp,COL,1999,0.54254090785980200
cwtfp,COL,1999,0.54190695285797100
rgdpna,COL,1999,330268.46875000000000000
rconna,COL,1999,295647.21875000000000000
rdana,COL,1999,305316.84375000000000000
rnna,COL,1999,1217104.50000000000000000
rkna,COL,1999,0.52237993478775000
rtfpna,COL,1999,0.96729832887649500
rwtfpna,COL,1999,0.86042129993438700
labsh,COL,1999,0.49611249566078200
irr,COL,1999,0.09037691354751590
xr,COL,1999,1756.23084833333000000
pl_da,COL,1999,0.34834975004196200
pl_gdpo,COL,1999,0.34635591506958000
i_cig,COL,1999,2.00000000000000000
i_xm,COL,1999,1.00000000000000000
i_xr,COL,1999,0.00000000000000000
i_outlier,COL,1999,0.00000000000000000
i_irr,COL,1999,0.00000000000000000
statcap,COL,1999,83.33333333333330000
csh_c,COL,1999,0.77007877826690700
csh_i,COL,1999,0.13663814961910200
csh_g,COL,1999,0.12077032029628800
csh_x,COL,1999,0.09236353635787960
csh_m,COL,1999,-0.07707958668470380
csh_r,COL,1999,-0.04277122393250470
rgdpe,COL,2000,306348.75000000000000000
rgdpo,COL,2000,307550.65625000000000000
pop,COL,2000,39.62996800000000000
emp,COL,2000,14.23712253570560000
avh,COL,2000,1956.00000000000000000
hc,COL,2000,2.16298365592957000
ccon,COL,2000,263849.40625000000000000
cda,COL,2000,309900.62500000000000000
cgdpe,COL,2000,303772.71875000000000000
cgdpo,COL,2000,304057.37500000000000000
cn,COL,2000,1260394.00000000000000000
ck,COL,2000,0.01991706714034080
ctfp,COL,2000,0.53364223241806000
cwtfp,COL,2000,0.52319139242172200
rgdpna,COL,2000,339928.37500000000000000
rconna,COL,2000,300354.03125000000000000
rdana,COL,2000,314883.81250000000000000
rnna,COL,2000,1216105.62500000000000000
rkna,COL,2000,0.52195227146148700
rtfpna,COL,2000,0.96136295795440700
rwtfpna,COL,2000,0.85687482357025100
labsh,COL,2000,0.47887116670608500
irr,COL,2000,0.10183571279048900
xr,COL,2000,2087.90384166667000000
pl_da,COL,2000,0.32666000723838800
pl_gdpo,COL,2000,0.32635417580604600
i_cig,COL,2000,2.00000000000000000
i_xm,COL,2000,1.00000000000000000
i_xr,COL,2000,0.00000000000000000
i_outlier,COL,2000,0.00000000000000000
i_irr,COL,2000,0.00000000000000000
csh_c,COL,2000,0.75158745050430300
csh_i,COL,2000,0.15145568549633000
csh_g,COL,2000,0.11617445200681700
csh_x,COL,2000,0.10116578638553600
csh_m,COL,2000,-0.08608810603618620
csh_r,COL,2000,-0.03429527208209040
rgdpe,COL,2001,304609.59375000000000000
rgdpo,COL,2001,309162.56250000000000000
pop,COL,2001,40.25596700000000000
emp,COL,2001,14.33366966247560000
avh,COL,2001,1956.00000000000000000
hc,COL,2001,2.18431115150452000
ccon,COL,2001,265732.43750000000000000
cda,COL,2001,316189.56250000000000000
cgdpe,COL,2001,302840.28125000000000000
cgdpo,COL,2001,305290.31250000000000000
cn,COL,2001,1280824.62500000000000000
ck,COL,2001,0.01941168680787090
ctfp,COL,2001,0.52802163362503100
cwtfp,COL,2001,0.52477407455444300
rgdpna,COL,2001,345632.00000000000000000
rconna,COL,2001,305343.12500000000000000
rdana,COL,2001,323438.09375000000000000
rnna,COL,2001,1220425.25000000000000000
rkna,COL,2001,0.52476090192794800
rtfpna,COL,2001,0.96702718734741200
rwtfpna,COL,2001,0.87072896957397500
labsh,COL,2001,0.48483088612556500
irr,COL,2001,0.09932029247283940
xr,COL,2001,2299.63315583333000000
pl_da,COL,2001,0.32220658659935000
pl_gdpo,COL,2001,0.31962081789970400
i_cig,COL,2001,2.00000000000000000
i_xm,COL,2001,1.00000000000000000
i_xr,COL,2001,0.00000000000000000
i_outlier,COL,2001,0.00000000000000000
i_irr,COL,2001,0.00000000000000000
csh_c,COL,2001,0.75287842750549300
csh_i,COL,2001,0.16527584195137000
csh_g,COL,2001,0.11754698306322100
csh_x,COL,2001,0.09950798004865650
csh_m,COL,2001,-0.09644647687673570
csh_r,COL,2001,-0.03876281157135960
rgdpe,COL,2002,310075.25000000000000000
rgdpo,COL,2002,313160.90625000000000000
pop,COL,2002,40.87536000000000000
emp,COL,2002,14.68152713775630000
avh,COL,2002,2032.28862374238000000
hc,COL,2002,2.20584893226624000
ccon,COL,2002,267279.90625000000000000
cda,COL,2002,323743.84375000000000000
cgdpe,COL,2002,309030.96875000000000000
cgdpo,COL,2002,311238.81250000000000000
cn,COL,2002,1309878.00000000000000000
ck,COL,2002,0.01964692771434780
ctfp,COL,2002,0.50941056013107300
cwtfp,COL,2002,0.50449371337890600
rgdpna,COL,2002,354286.59375000000000000
rconna,COL,2002,310114.84375000000000000
rdana,COL,2002,333025.06250000000000000
rnna,COL,2002,1231190.12500000000000000
rkna,COL,2002,0.53067702054977400
rtfpna,COL,2002,0.95151227712631200
rwtfpna,COL,2002,0.86060458421707200
labsh,COL,2002,0.49131464958190900
irr,COL,2002,0.09765980392694470
xr,COL,2002,2504.24133083333000000
pl_da,COL,2002,0.31495219469070400
pl_gdpo,COL,2002,0.31271803379058800
i_cig,COL,2002,2.00000000000000000
i_xm,COL,2002,1.00000000000000000
i_xr,COL,2002,0.00000000000000000
i_outlier,COL,2002,0.00000000000000000
i_irr,COL,2002,0.00000000000000000
csh_c,COL,2002,0.74568367004394500
csh_i,COL,2002,0.18141674995422400
csh_g,COL,2002,0.11307783424854300
csh_x,COL,2002,0.09290961921215060
csh_m,COL,2002,-0.09362032264471050
csh_r,COL,2002,-0.03946750238537790
rgdpe,COL,2003,320329.68750000000000000
rgdpo,COL,2003,324433.03125000000000000
pop,COL,2003,41.48386900000000000
emp,COL,2003,15.24630069732670000
avh,COL,2003,2016.24873674470000000
hc,COL,2003,2.22759914398193000
ccon,COL,2003,272683.53125000000000000
cda,COL,2003,334837.34375000000000000
cgdpe,COL,2003,319200.59375000000000000
cgdpo,COL,2003,321698.62500000000000000
cn,COL,2003,1347695.37500000000000000
ck,COL,2003,0.01971805468201640
ctfp,COL,2003,0.50536864995956400
cwtfp,COL,2003,0.49933713674545300
rgdpna,COL,2003,368168.46875000000000000
rconna,COL,2003,318674.62500000000000000
rdana,COL,2003,347297.87500000000000000
rnna,COL,2003,1248724.62500000000000000
rkna,COL,2003,0.54092174768447900
rtfpna,COL,2003,0.96045231819152800
rwtfpna,COL,2003,0.87176287174224900
labsh,COL,2003,0.47989606857299800
irr,COL,2003,0.10062428563833200
xr,COL,2003,2877.65245833333000000
pl_da,COL,2003,0.29457911849021900
pl_gdpo,COL,2003,0.29229167103767400
i_cig,COL,2003,2.00000000000000000
i_xm,COL,2003,1.00000000000000000
i_xr,COL,2003,0.00000000000000000
i_outlier,COL,2003,0.00000000000000000
i_irr,COL,2003,0.00000000000000000
csh_c,COL,2003,0.73472678661346400
csh_i,COL,2003,0.19320513308048200
csh_g,COL,2003,0.11290980875492100
csh_x,COL,2003,0.09410105645656590
csh_m,COL,2003,-0.09434005618095400
csh_r,COL,2003,-0.04060269892215730
rgdpe,COL,2004,338656.65625000000000000
rgdpo,COL,2004,340381.87500000000000000
pop,COL,2004,42.07595500000000000
emp,COL,2004,15.82906723022460000
avh,COL,2004,2004.25636075234000000
hc,COL,2004,2.24956393241882000
ccon,COL,2004,281794.81250000000000000
cda,COL,2004,350215.09375000000000000
cgdpe,COL,2004,337234.68750000000000000
cgdpo,COL,2004,337618.78125000000000000
cn,COL,2004,1402303.12500000000000000
ck,COL,2004,0.01997382752597330
ctfp,COL,2004,0.50490468740463300
cwtfp,COL,2004,0.49435093998909000
rgdpna,COL,2004,387803.00000000000000000
rconna,COL,2004,332310.56250000000000000
rdana,COL,2004,366728.28125000000000000
rnna,COL,2004,1272898.75000000000000000
rkna,COL,2004,0.55339974164962800
rtfpna,COL,2004,0.98018074035644500
rwtfpna,COL,2004,0.89188003540039100
labsh,COL,2004,0.47078225016593900
irr,COL,2004,0.10594145208597200
xr,COL,2004,2628.61290250000000000
pl_da,COL,2004,0.34493774175643900
pl_gdpo,COL,2004,0.34454536437988300
i_cig,COL,2004,2.00000000000000000
i_xm,COL,2004,1.00000000000000000
i_xr,COL,2004,0.00000000000000000
i_outlier,COL,2004,0.00000000000000000
i_irr,COL,2004,0.00000000000000000
statcap,COL,2004,86.66666666666670000
csh_c,COL,2004,0.71983271837234500
csh_i,COL,2004,0.20265543460845900
csh_g,COL,2004,0.11482111364603000
csh_x,COL,2004,0.10610834509134300
csh_m,COL,2004,-0.10810644924640700
csh_r,COL,2004,-0.03531122580170630
rgdpe,COL,2005,356821.03125000000000000
rgdpo,COL,2005,363744.34375000000000000
pop,COL,2005,42.64772300000000000
emp,COL,2005,16.47645759582520000
avh,COL,2005,2013.92866096358000000
hc,COL,2005,2.27174520492554000
ccon,COL,2005,296601.90625000000000000
cda,COL,2005,373732.37500000000000000
cgdpe,COL,2005,361161.78125000000000000
cgdpo,COL,2005,362732.37500000000000000
cn,COL,2005,1462050.25000000000000000
ck,COL,2005,0.02071817778050900
ctfp,COL,2005,0.51106303930282600
cwtfp,COL,2005,0.48844960331916800
rgdpna,COL,2005,406055.15625000000000000
rconna,COL,2005,346425.25000000000000000
rdana,COL,2005,388496.87500000000000000
rnna,COL,2005,1305603.50000000000000000
rkna,COL,2005,0.57236480712890600
rtfpna,COL,2005,0.98255348205566400
rwtfpna,COL,2005,0.90453583002090500
labsh,COL,2005,0.46928697824478100
irr,COL,2005,0.11085260659456300
xr,COL,2005,2320.83417666667000000
pl_da,COL,2005,0.40319657325744600
pl_gdpo,COL,2005,0.40145078301429700
i_cig,COL,2005,1.00000000000000000
i_xm,COL,2005,1.00000000000000000
i_xr,COL,2005,0.00000000000000000
i_outlier,COL,2005,0.00000000000000000
i_irr,COL,2005,0.00000000000000000
cor_exp,COL,2005,0.73446129284273500
statcap,COL,2005,78.88888888888890000
csh_c,COL,2005,0.70315927267074600
csh_i,COL,2005,0.21263743937015500
csh_g,COL,2005,0.11452876031398800
csh_x,COL,2005,0.12174300849437700
csh_m,COL,2005,-0.11735660582780800
csh_r,COL,2005,-0.03471186384558680
rgdpe,COL,2006,391185.40625000000000000
rgdpo,COL,2006,398154.28125000000000000
pop,COL,2006,43.20089700000000000
emp,COL,2006,17.05718231201170000
avh,COL,2006,2037.66028152482000000
hc,COL,2006,2.29414510726929000
ccon,COL,2006,321577.09375000000000000
cda,COL,2006,409692.65625000000000000
cgdpe,COL,2006,393238.81250000000000000
cgdpo,COL,2006,395723.25000000000000000
cn,COL,2006,1538829.00000000000000000
ck,COL,2006,0.02156934700906280
ctfp,COL,2006,0.52573424577713000
cwtfp,COL,2006,0.50861001014709500
rgdpna,COL,2006,433329.34375000000000000
rconna,COL,2006,367801.68750000000000000
rdana,COL,2006,421110.90625000000000000
rnna,COL,2006,1351116.62500000000000000
rkna,COL,2006,0.60186612606048600
rtfpna,COL,2006,0.99439370632171600
rwtfpna,COL,2006,0.92983055114746100
labsh,COL,2006,0.46930652856826800
irr,COL,2006,0.11533053219318400
xr,COL,2006,2361.13940750000000000
pl_da,COL,2006,0.41099345684051500
pl_gdpo,COL,2006,0.40841314196586600
i_cig,COL,2006,2.00000000000000000
i_xm,COL,2006,1.00000000000000000
i_xr,COL,2006,0.00000000000000000
i_outlier,COL,2006,0.00000000000000000
i_irr,COL,2006,0.00000000000000000
statcap,COL,2006,75.55555555555560000
csh_c,COL,2006,0.69719249010086100
csh_i,COL,2006,0.22266964614391300
csh_g,COL,2006,0.11543878912925700
csh_x,COL,2006,0.12386157363653200
csh_m,COL,2006,-0.12828145921230300
csh_r,COL,2006,-0.03088103048503400
rgdpe,COL,2007,431211.00000000000000000
rgdpo,COL,2007,438975.50000000000000000
pop,COL,2007,43.73751600000000000
emp,COL,2007,17.97284317016600000
avh,COL,2007,2061.67154943672000000
hc,COL,2007,2.31676602363586000
ccon,COL,2007,351283.65625000000000000
cda,COL,2007,450495.46875000000000000
cgdpe,COL,2007,432202.03125000000000000
cgdpo,COL,2007,435136.31250000000000000
cn,COL,2007,1637334.87500000000000000
ck,COL,2007,0.02256654575467110
ctfp,COL,2007,0.54201751947403000
cwtfp,COL,2007,0.52985572814941400
rgdpna,COL,2007,462527.93750000000000000
rconna,COL,2007,390649.43750000000000000
rdana,COL,2007,455958.12500000000000000
rnna,COL,2007,1410987.00000000000000000
rkna,COL,2007,0.63930147886276200
rtfpna,COL,2007,0.99292397499084500
rwtfpna,COL,2007,0.94182455539703400
labsh,COL,2007,0.47263014316558800
irr,COL,2007,0.11924449354410200
xr,COL,2007,2078.29183666667000000
pl_da,COL,2007,0.47704964876174900
pl_gdpo,COL,2007,0.47383275628089900
i_cig,COL,2007,2.00000000000000000
i_xm,COL,2007,1.00000000000000000
i_xr,COL,2007,0.00000000000000000
i_outlier,COL,2007,0.00000000000000000
i_irr,COL,2007,0.00000000000000000
statcap,COL,2007,85.55555555555560000
csh_c,COL,2007,0.69164562225341800
csh_i,COL,2007,0.22800168395042400
csh_g,COL,2007,0.11564998328685800
csh_x,COL,2007,0.12809576094150500
csh_m,COL,2007,-0.13515993952751200
csh_r,COL,2007,-0.02823315188288690
rgdpe,COL,2008,468124.81250000000000000
rgdpo,COL,2008,482274.78125000000000000
pop,COL,2008,44.25497500000000000
emp,COL,2008,18.25455474853520000
avh,COL,2008,2085.96575999218000000
hc,COL,2008,2.33960986137390000
ccon,COL,2008,378161.21875000000000000
cda,COL,2008,485931.59375000000000000
cgdpe,COL,2008,472014.43750000000000000
cgdpo,COL,2008,477655.00000000000000000
cn,COL,2008,1727397.25000000000000000
ck,COL,2008,0.02379151806235310
ctfp,COL,2008,0.57014918327331500
cwtfp,COL,2008,0.55147767066955600
rgdpna,COL,2008,477714.78125000000000000
rconna,COL,2008,407108.53125000000000000
rdana,COL,2008,480136.46875000000000000
rnna,COL,2008,1461577.25000000000000000
rkna,COL,2008,0.67250609397888200
rtfpna,COL,2008,0.98108059167861900
rwtfpna,COL,2008,0.94878494739532500
labsh,COL,2008,0.46111515164375300
irr,COL,2008,0.12161282449960700
xr,COL,2008,1967.71130916667000000
pl_da,COL,2008,0.51309221982955900
pl_gdpo,COL,2008,0.50703316926956200
i_cig,COL,2008,2.00000000000000000
i_xm,COL,2008,1.00000000000000000
i_xr,COL,2008,0.00000000000000000
i_outlier,COL,2008,0.00000000000000000
i_irr,COL,2008,0.00000000000000000
statcap,COL,2008,82.22222222222220000
csh_c,COL,2008,0.67562079429626500
csh_i,COL,2008,0.22562392055988300
csh_g,COL,2008,0.11608283966779700
csh_x,COL,2008,0.13467618823051500
csh_m,COL,2008,-0.13095460832119000
csh_r,COL,2008,-0.02104913443326950
rgdpe,COL,2009,481931.31250000000000000
rgdpo,COL,2009,491104.87500000000000000
pop,COL,2009,44.75005400000000000
emp,COL,2009,18.42976570129390000
avh,COL,2009,2051.21917623002000000
hc,COL,2009,2.36267900466919000
ccon,COL,2009,395466.37500000000000000
cda,COL,2009,494330.43750000000000000
cgdpe,COL,2009,483182.75000000000000000
cgdpo,COL,2009,487634.87500000000000000
cn,COL,2009,1808669.37500000000000000
ck,COL,2009,0.02518378943204880
ctfp,COL,2009,0.56619399785995500
cwtfp,COL,2009,0.55779039859771700
rgdpna,COL,2009,483159.03125000000000000
rconna,COL,2009,416130.71875000000000000
rdana,COL,2009,481369.90625000000000000
rnna,COL,2009,1512358.50000000000000000
rkna,COL,2009,0.70023703575134300
rtfpna,COL,2009,0.96992516517639200
rwtfpna,COL,2009,0.92980980873107900
labsh,COL,2009,0.47120511531829800
irr,COL,2009,0.11219609528780000
xr,COL,2009,2158.25590299025000000
pl_da,COL,2009,0.48097297549247700
pl_gdpo,COL,2009,0.47658163309097300
i_cig,COL,2009,2.00000000000000000
i_xm,COL,2009,1.00000000000000000
i_xr,COL,2009,0.00000000000000000
i_outlier,COL,2009,0.00000000000000000
i_irr,COL,2009,0.00000000000000000
statcap,COL,2009,85.55555555555560000
csh_c,COL,2009,0.68567776679992700
csh_i,COL,2009,0.20274198055267300
csh_g,COL,2009,0.12531094253063200
csh_x,COL,2009,0.12175818532705300
csh_m,COL,2009,-0.11260975152254100
csh_r,COL,2009,-0.02287908084690570
rgdpe,COL,2010,524873.75000000000000000
rgdpo,COL,2010,540688.43750000000000000
pop,COL,2010,45.22270000000000000
emp,COL,2010,18.89134407043460000
avh,COL,2010,2045.43461211512000000
hc,COL,2010,2.38597559928894000
ccon,COL,2010,429430.93750000000000000
cda,COL,2010,535363.43750000000000000
cgdpe,COL,2010,527021.12500000000000000
cgdpo,COL,2010,534430.68750000000000000
cn,COL,2010,1894346.00000000000000000
ck,COL,2010,0.02658652700483800
ctfp,COL,2010,0.58748817443847700
cwtfp,COL,2010,0.56754857301712000
rgdpna,COL,2010,504875.40625000000000000
rconna,COL,2010,437280.68750000000000000
rdana,COL,2010,510400.84375000000000000
rnna,COL,2010,1567747.37500000000000000
rkna,COL,2010,0.73155385255813600
rtfpna,COL,2010,0.97562897205352800
rwtfpna,COL,2010,0.94902777671814000
labsh,COL,2010,0.46826457977294900
irr,COL,2010,0.12067843228578600
xr,COL,2010,1898.56963600842000000
pl_da,COL,2010,0.54374116659164400
pl_gdpo,COL,2010,0.53620260953903200
i_cig,COL,2010,2.00000000000000000
i_xm,COL,2010,1.00000000000000000
i_xr,COL,2010,0.00000000000000000
i_outlier,COL,2010,0.00000000000000000
i_irr,COL,2010,0.00000000000000000
statcap,COL,2010,84.44444444444440000
csh_c,COL,2010,0.67570334672927900
csh_i,COL,2010,0.19821560382843000
csh_g,COL,2010,0.12782639265060400
csh_x,COL,2010,0.13565029203891800
csh_m,COL,2010,-0.12457802146673200
csh_r,COL,2010,-0.01281764451414350
rgdpe,COL,2011,583481.93750000000000000
rgdpo,COL,2011,603951.50000000000000000
pop,COL,2011,45.66274800000000000
emp,COL,2011,19.49769401550290000
avh,COL,2011,2029.69562262862000000
hc,COL,2011,2.41068816184998000
ccon,COL,2011,469659.15625000000000000
cda,COL,2011,593207.37500000000000000
cgdpe,COL,2011,587814.68750000000000000
cgdpo,COL,2011,599757.37500000000000000
cn,COL,2011,1986112.37500000000000000
ck,COL,2011,0.02761513367295270
ctfp,COL,2011,0.63528358936309800
cwtfp,COL,2011,0.60293602943420400
rgdpna,COL,2011,539953.62500000000000000
rconna,COL,2011,462064.62500000000000000
rdana,COL,2011,553224.25000000000000000
rnna,COL,2011,1632660.25000000000000000
rkna,COL,2011,0.77284240722656300
rtfpna,COL,2011,0.99709153175354000
rwtfpna,COL,2011,0.98298484086990400
labsh,COL,2011,0.44750106334686300
irr,COL,2011,0.13621315360069300
xr,COL,2011,1848.13946995183000000
pl_da,COL,2011,0.56981199979782100
pl_gdpo,COL,2011,0.55846565961837800
i_cig,COL,2011,1.00000000000000000
i_xm,COL,2011,1.00000000000000000
i_xr,COL,2011,0.00000000000000000
i_outlier,COL,2011,0.00000000000000000
i_irr,COL,2011,0.00000000000000000
cor_exp,COL,2011,0.65430723169639100
statcap,COL,2011,84.44444444444440000
csh_c,COL,2011,0.65234267711639400
csh_i,COL,2011,0.20599697530269600
csh_g,COL,2011,0.13073924183845500
csh_x,COL,2011,0.16767239570617700
csh_m,COL,2011,-0.14077395200729400
csh_r,COL,2011,-0.01597734354436400
rgdpe,COL,2012,605689.31250000000000000
rgdpo,COL,2012,630472.93750000000000000
pop,COL,2012,46.07571800000000000
emp,COL,2012,19.97618484497070000
avh,COL,2012,2016.91606511415000000
hc,COL,2012,2.43565678596497000
ccon,COL,2012,494808.93750000000000000
cda,COL,2012,615214.50000000000000000
cgdpe,COL,2012,607842.93750000000000000
cgdpo,COL,2012,619333.56250000000000000
cn,COL,2012,1976564.12500000000000000
ck,COL,2012,0.02656720392405990
ctfp,COL,2012,0.64923316240310700
cwtfp,COL,2012,0.61965680122375500
rgdpna,COL,2012,561080.00000000000000000
rconna,COL,2012,487445.09375000000000000
rdana,COL,2012,580363.93750000000000000
rnna,COL,2012,1695896.37500000000000000
rkna,COL,2012,0.80987966060638400
rtfpna,COL,2012,0.99706929922103900
rwtfpna,COL,2012,0.99235725402832000
labsh,COL,2012,0.45766448974609400
irr,COL,2012,0.13381503522396100
xr,COL,2012,1796.89591231100000000
pl_da,COL,2012,0.61022561788559000
pl_gdpo,COL,2012,0.59890395402908300
i_cig,COL,2012,3.00000000000000000
i_xm,COL,2012,1.00000000000000000
i_xr,COL,2012,0.00000000000000000
i_outlier,COL,2012,0.00000000000000000
i_irr,COL,2012,0.00000000000000000
cor_exp,COL,2012,0.65129449531420100
statcap,COL,2012,84.44444444444440000
csh_c,COL,2012,0.66555750370025600
csh_i,COL,2012,0.19441148638725300
csh_g,COL,2012,0.13338015973568000
csh_x,COL,2012,0.17253246903419500
csh_m,COL,2012,-0.14786145091056800
csh_r,COL,2012,-0.01802019216120240
rgdpe,COL,2013,623035.25000000000000000
rgdpo,COL,2013,643504.93750000000000000
pop,COL,2013,46.49549300000000000
emp,COL,2013,20.31895446777340000
avh,COL,2013,2011.75485565498000000
hc,COL,2013,2.46088433265686000
ccon,COL,2013,516167.71875000000000000
cda,COL,2013,633731.75000000000000000
cgdpe,COL,2013,622442.12500000000000000
cgdpo,COL,2013,629133.25000000000000000
cn,COL,2013,1988578.75000000000000000
ck,COL,2013,0.02551043592393400
ctfp,COL,2013,0.65732592344284100
cwtfp,COL,2013,0.64071476459503200
rgdpna,COL,2013,589885.87500000000000000
rconna,COL,2013,513554.00000000000000000
rdana,COL,2013,614524.31250000000000000
rnna,COL,2013,1764915.12500000000000000
rkna,COL,2013,0.84935277700424200
rtfpna,COL,2013,1.01006364822388000
rwtfpna,COL,2013,1.01248097419739000
labsh,COL,2013,0.45955085754394500
irr,COL,2013,0.13410481810569800
xr,COL,2013,1868.78532709080000000
pl_da,COL,2013,0.61389821767807000
pl_gdpo,COL,2013,0.60736912488937400
i_cig,COL,2013,3.00000000000000000
i_xm,COL,2013,1.00000000000000000
i_xr,COL,2013,0.00000000000000000
i_outlier,COL,2013,0.00000000000000000
i_irr,COL,2013,0.00000000000000000
cor_exp,COL,2013,0.68887082147362000
statcap,COL,2013,81.11111111111110000
csh_c,COL,2013,0.67000228166580200
csh_i,COL,2013,0.18686668574810000
csh_g,COL,2013,0.15044036507606500
csh_x,COL,2013,0.15695631504058800
csh_m,COL,2013,-0.14759171009063700
csh_r,COL,2013,-0.01667394116520880
rgdpe,COL,2014,638670.93750000000000000
rgdpo,COL,2014,661345.12500000000000000
pop,COL,2014,46.96769600000000000
emp,COL,2014,20.39938163757320000
avh,COL,2014,2004.79305981985000000
hc,COL,2014,2.48637270927429000
ccon,COL,2014,537008.00000000000000000
cda,COL,2014,665042.00000000000000000
cgdpe,COL,2014,638126.06250000000000000
cgdpo,COL,2014,649882.50000000000000000
cn,COL,2014,2030563.37500000000000000
ck,COL,2014,0.02597471699118610
ctfp,COL,2014,0.65654629468917800
cwtfp,COL,2014,0.64877480268478400
rgdpna,COL,2014,616425.00000000000000000
rconna,COL,2014,535769.50000000000000000
rdana,COL,2014,651324.31250000000000000
rnna,COL,2014,1841531.25000000000000000
rkna,COL,2014,0.89247792959213300
rtfpna,COL,2014,1.02274584770203000
rwtfpna,COL,2014,1.03980481624603000
labsh,COL,2014,0.46960267424583400
irr,COL,2014,0.12789170444011700
xr,COL,2014,2001.78104817600000000
pl_da,COL,2014,0.59723639488220200
pl_gdpo,COL,2014,0.58643233776092500
i_cig,COL,2014,3.00000000000000000
i_xm,COL,2014,1.00000000000000000
i_xr,COL,2014,0.00000000000000000
i_outlier,COL,2014,0.00000000000000000
i_irr,COL,2014,0.00000000000000000
cor_exp,COL,2014,0.70081835749773500
statcap,COL,2014,81.11111111111110000
csh_c,COL,2014,0.66475582122802700
csh_i,COL,2014,0.19701096415519700
csh_g,COL,2014,0.16155977547168700
csh_x,COL,2014,0.14278955757618000
csh_m,COL,2014,-0.14816236495971700
csh_r,COL,2014,-0.01795373670756820
rgdpe,COL,2015,639605.50000000000000000
rgdpo,COL,2015,655635.12500000000000000
pop,COL,2015,47.52066700000000000
emp,COL,2015,21.10435485839840000
avh,COL,2015,1997.03251098236000000
hc,COL,2015,2.51212525367737000
ccon,COL,2015,562351.18750000000000000
cda,COL,2015,681786.37500000000000000
cgdpe,COL,2015,636824.37500000000000000
cgdpo,COL,2015,651871.43750000000000000
cn,COL,2015,2056294.00000000000000000
ck,COL,2015,0.02587608806788920
ctfp,COL,2015,0.63010662794113200
cwtfp,COL,2015,0.63540238142013600
rgdpna,COL,2015,634645.87500000000000000
rconna,COL,2015,554002.37500000000000000
rdana,COL,2015,666663.31250000000000000
rnna,COL,2015,1918104.87500000000000000
rkna,COL,2015,0.93281149864196800
rtfpna,COL,2015,1.00929319858551000
rwtfpna,COL,2015,1.02013933658600000
labsh,COL,2015,0.49340495467186000
irr,COL,2015,0.11330203711986500
xr,COL,2015,2741.88085479965000000
pl_da,COL,2015,0.46085193753242500
pl_gdpo,COL,2015,0.45021414756774900
i_cig,COL,2015,3.00000000000000000
i_xm,COL,2015,1.00000000000000000
i_xr,COL,2015,0.00000000000000000
i_outlier,COL,2015,0.00000000000000000
i_irr,COL,2015,0.00000000000000000
cor_exp,COL,2015,0.70737088494598100
statcap,COL,2015,84.44443333333330000
csh_c,COL,2015,0.67997372150421100
csh_i,COL,2015,0.18321892619133000
csh_g,COL,2015,0.18269817531108900
csh_x,COL,2015,0.10189092159271200
csh_m,COL,2015,-0.13968569040298500
csh_r,COL,2015,-0.00809605699032545
rgdpe,COL,2016,640535.00000000000000000
rgdpo,COL,2016,653550.43750000000000000
pop,COL,2016,48.17505200000000000
emp,COL,2016,21.18678474426270000
avh,COL,2016,1989.17896966082000000
hc,COL,2016,2.53814482688904000
ccon,COL,2016,566595.18750000000000000
cda,COL,2016,680076.50000000000000000
cgdpe,COL,2016,636964.43750000000000000
cgdpo,COL,2016,648851.12500000000000000
cn,COL,2016,2056220.00000000000000000
ck,COL,2016,0.02528980746865270
ctfp,COL,2016,0.62430715560913100
cwtfp,COL,2016,0.63214600086212200
rgdpna,COL,2016,647893.37500000000000000
rconna,COL,2016,563009.68750000000000000
rdana,COL,2016,674866.93750000000000000
rnna,COL,2016,1987104.75000000000000000
rkna,COL,2016,0.96647417545318600
rtfpna,COL,2016,1.00692796707153000
rwtfpna,COL,2016,1.00920653343201000
labsh,COL,2016,0.49480935931205800
irr,COL,2016,0.11212912946939500
xr,COL,2016,3054.12167321081000000
pl_da,COL,2016,0.44402009248733500
pl_gdpo,COL,2016,0.43588581681251500
i_cig,COL,2016,3.00000000000000000
i_xm,COL,2016,1.00000000000000000
i_xr,COL,2016,0.00000000000000000
i_outlier,COL,2016,0.00000000000000000
i_irr,COL,2016,0.00000000000000000
cor_exp,COL,2016,0.69845596780387700
statcap,COL,2016,88.88890000000000000
csh_c,COL,2016,0.67624032497406000
csh_i,COL,2016,0.17489580810070000
csh_g,COL,2016,0.19698803126812000
csh_x,COL,2016,0.08981408178806300
csh_m,COL,2016,-0.11899901926517500
csh_r,COL,2016,-0.01893928088247780
rgdpe,COL,2017,650044.00000000000000000
rgdpo,COL,2017,656700.56250000000000000
pop,COL,2017,48.90983900000000000
emp,COL,2017,21.27792930603030000
avh,COL,2017,1974.23145603545000000
hc,COL,2017,2.56297802925110000
ccon,COL,2017,576135.68750000000000000
cda,COL,2017,682496.37500000000000000
cgdpe,COL,2017,650044.00000000000000000
cgdpo,COL,2017,656700.56250000000000000
cn,COL,2017,2056162.75000000000000000
ck,COL,2017,0.02472903206944470
ctfp,COL,2017,0.62614613771438600
cwtfp,COL,2017,0.62597173452377300
rgdpna,COL,2017,656700.56250000000000000
rconna,COL,2017,576135.68750000000000000
rdana,COL,2017,682496.37500000000000000
rnna,COL,2017,2056162.75000000000000000
rkna,COL,2017,1.00000000000000000
rtfpna,COL,2017,1.00000000000000000
rwtfpna,COL,2017,1.00000000000000000
labsh,COL,2017,0.49703809618949900
irr,COL,2017,0.11261999607086200
xr,COL,2017,2951.32740234760000000
pl_da,COL,2017,0.47978863120079000
pl_gdpo,COL,2017,0.47492533922195400
i_cig,COL,2017,1.00000000000000000
i_xm,COL,2017,1.00000000000000000
i_xr,COL,2017,0.00000000000000000
i_outlier,COL,2017,0.00000000000000000
i_irr,COL,2017,0.00000000000000000
cor_exp,COL,2017,0.70823952182662500
statcap,COL,2017,88.88890000000000000
csh_c,COL,2017,0.66212314367294300
csh_i,COL,2017,0.16196227073669400
csh_g,COL,2017,0.21519552171230300
csh_x,COL,2017,0.10597372055053700
csh_m,COL,2017,-0.12189205735921900
csh_r,COL,2017,-0.02336259558796880
rgdpe,COL,2018,675498.43750000000000000
rgdpo,COL,2018,684435.12500000000000000
pop,COL,2018,49.66104800000000000
emp,COL,2018,21.39823150634770000
avh,COL,2018,1968.36726179570000000
hc,COL,2018,2.58082032203674000
ccon,COL,2018,599928.56250000000000000
cda,COL,2018,707431.37500000000000000
cgdpe,COL,2018,675197.00000000000000000
cgdpo,COL,2018,684661.93750000000000000
cn,COL,2018,2122432.50000000000000000
ck,COL,2018,0.02501818537712100
ctfp,COL,2018,0.63348245620727500
cwtfp,COL,2018,0.62935048341751100
rgdpna,COL,2018,673218.75000000000000000
rconna,COL,2018,597606.68750000000000000
rdana,COL,2018,705594.12500000000000000
rnna,COL,2018,2124748.75000000000000000
rkna,COL,2018,1.03469061851501000
rtfpna,COL,2018,1.00289988517761000
rwtfpna,COL,2018,1.01140105724335000
labsh,COL,2018,0.49521136283874500
irr,COL,2018,0.11315735429525400
xr,COL,2018,2955.70396997842000000
pl_da,COL,2018,0.49403196573257400
pl_gdpo,COL,2018,0.48720237612724300
i_cig,COL,2018,0.00000000000000000
i_xm,COL,2018,1.00000000000000000
i_xr,COL,2018,0.00000000000000000
i_outlier,COL,2018,0.00000000000000000
i_irr,COL,2018,0.00000000000000000
statcap,COL,2018,82.22223333333330000
csh_c,COL,2018,0.65377265214920000
csh_i,COL,2018,0.15701593458652500
csh_g,COL,2018,0.22246792912483200
csh_x,COL,2018,0.10994902253150900
csh_m,COL,2018,-0.12364205718040500
csh_r,COL,2018,-0.01956344768404960
rgdpe,COL,2019,695683.62500000000000000
rgdpo,COL,2019,707659.62500000000000000
pop,COL,2019,50.33944300000000000
emp,COL,2019,21.19960784912110000
avh,COL,2019,1968.36726179570000000
hc,COL,2019,2.59878706932068000
ccon,COL,2019,627769.87500000000000000
cda,COL,2019,738905.75000000000000000
cgdpe,COL,2019,695070.31250000000000000
cgdpo,COL,2019,706174.31250000000000000
cn,COL,2019,2194572.50000000000000000
ck,COL,2019,0.02519985474646090
ctfp,COL,2019,0.63870817422866800
cwtfp,COL,2019,0.64276254177093500
rgdpna,COL,2019,695584.43750000000000000
rconna,COL,2019,624830.75000000000000000
rdana,COL,2019,737301.06250000000000000
rnna,COL,2019,2196754.75000000000000000
rkna,COL,2019,1.07346475124359000
rtfpna,COL,2019,1.01835608482361000
rwtfpna,COL,2019,1.03863203525543000
labsh,COL,2019,0.49521136283874500
irr,COL,2019,0.11281963437795600
xr,COL,2019,3280.83163119763000000
pl_da,COL,2019,0.46585619449615500
pl_gdpo,COL,2019,0.45853099226951600
i_cig,COL,2019,0.00000000000000000
i_xm,COL,2019,0.00000000000000000
i_xr,COL,2019,0.00000000000000000
i_outlier,COL,2019,0.00000000000000000
i_irr,COL,2019,0.00000000000000000
statcap,COL,2019,81.11110000000000000
csh_c,COL,2019,0.66284352540969800
csh_i,COL,2019,0.15737740695476500
csh_g,COL,2019,0.22612942755222300
csh_x,COL,2019,0.10226327925920500
csh_m,COL,2019,-0.12633319199085200
csh_r,COL,2019,-0.02228048071265220
